follower_link,username,timestamp
https://www.instagram.com/samuel_teferi_,samuel_teferi_,2019-10-10 05:36:25
https://www.instagram.com/eyosiyas_shimelis,eyosiyas_shimelis,2020-11-09 10:22:13
https://www.instagram.com/sallyalemu,sallyalemu,2020-11-12 07:59:57
https://www.instagram.com/na.nu4060,na.nu4060,2020-11-14 13:17:44
https://www.instagram.com/bon.pic.09,bon.pic.09,2020-11-15 09:49:26
https://www.instagram.com/yabets112,yabets112,2020-11-17 20:16:36
https://www.instagram.com/yosefteshome,yosefteshome,2020-11-18 08:14:19
https://www.instagram.com/moradi_toraj_,moradi_toraj_,2020-11-20 13:18:54
https://www.instagram.com/yabu8889,yabu8889,2020-11-21 12:05:16
https://www.instagram.com/prostuls,prostuls,2020-11-22 17:20:46
https://www.instagram.com/i_love_cute_catslike_this,i_love_cute_catslike_this,2020-11-23 03:47:51
https://www.instagram.com/h.salimi2998amail,h.salimi2998amail,2020-11-23 11:18:19
https://www.instagram.com/eyerushaylu,eyerushaylu,2020-11-24 14:30:24
https://www.instagram.com/nwrjdgl25,nwrjdgl25,2020-11-24 19:09:10
https://www.instagram.com/barakathayil,barakathayil,2020-11-29 13:51:18
https://www.instagram.com/nax.2312,nax.2312,2020-12-14 11:00:05
https://www.instagram.com/hamdenull,hamdenull,2020-12-15 18:42:31
https://www.instagram.com/mobi.lestan,mobi.lestan,2020-12-17 05:35:54
https://www.instagram.com/_official_exodus_,_official_exodus_,2020-12-18 14:19:01
https://www.instagram.com/khan123454775,khan123454775,2020-12-30 07:00:30
https://www.instagram.com/csak_egy_lany_a_multbol2004,csak_egy_lany_a_multbol2004,2020-12-30 08:52:28
https://www.instagram.com/hafmesay,hafmesay,2020-12-30 11:06:19
https://www.instagram.com/piperxbabyxangel,piperxbabyxangel,2020-12-30 15:25:26
https://www.instagram.com/haben_emun,haben_emun,2020-12-30 19:31:34
https://www.instagram.com/abigeal_abigeya,abigeal_abigeya,2020-12-30 19:46:30
https://www.instagram.com/katieayuk,katieayuk,2020-12-30 21:27:30
https://www.instagram.com/jimmy.jack.54379236,jimmy.jack.54379236,2020-12-30 22:50:09
https://www.instagram.com/krmbnmstf,krmbnmstf,2020-12-31 06:09:53
https://www.instagram.com/egyelveszett_srac,egyelveszett_srac,2020-12-31 11:37:30
https://www.instagram.com/dodario_,dodario_,2020-12-31 13:24:34
https://www.instagram.com/lena_paraschuk,lena_paraschuk,2021-01-01 10:02:53
https://www.instagram.com/andy_buhay,andy_buhay,2021-01-01 10:07:52
https://www.instagram.com/eyerus_me,eyerus_me,2021-01-01 10:31:58
https://www.instagram.com/bontuu_i_kadir,bontuu_i_kadir,2021-01-01 10:35:38
https://www.instagram.com/meron_mommy_happy_mommy,meron_mommy_happy_mommy,2021-01-01 10:42:22
https://www.instagram.com/aliali2826,aliali2826,2021-01-01 10:56:21
https://www.instagram.com/ayoub_ayoub_piki,ayoub_ayoub_piki,2021-01-01 11:01:19
https://www.instagram.com/samir__sid,samir__sid,2021-01-01 11:24:24
https://www.instagram.com/slimey_eimey72,slimey_eimey72,2021-01-01 18:34:00
https://www.instagram.com/charles_ghanney,charles_ghanney,2021-01-01 21:14:06
https://www.instagram.com/seni.chemeyo.7,seni.chemeyo.7,2021-01-01 21:31:01
https://www.instagram.com/a_4life1,a_4life1,2021-01-01 21:55:51
https://www.instagram.com/heli9570,heli9570,2021-01-02 05:03:57
https://www.instagram.com/xxuseddd,xxuseddd,2021-01-03 06:39:11
https://www.instagram.com/finan_love_luli,finan_love_luli,2021-01-04 16:27:22
https://www.instagram.com/mite_belongto,mite_belongto,2021-01-05 10:29:47
https://www.instagram.com/seble_ethio,seble_ethio,2021-01-06 08:39:57
https://www.instagram.com/emilypinkgirl,emilypinkgirl,2021-01-06 14:05:31
https://www.instagram.com/rahim_kadi6,rahim_kadi6,2021-01-06 22:58:50
https://www.instagram.com/boxing_martial_art_clinic_,boxing_martial_art_clinic_,2021-01-07 02:44:16
https://www.instagram.com/its_me_frosty_19,its_me_frosty_19,2021-01-07 02:46:59
https://www.instagram.com/ahsitt05622698,ahsitt05622698,2021-01-07 02:58:19
https://www.instagram.com/angels.and.xannax,angels.and.xannax,2021-01-07 02:59:01
https://www.instagram.com/meme_shit_life,meme_shit_life,2021-01-07 03:00:00
https://www.instagram.com/cyuricarvalho,cyuricarvalho,2021-01-07 03:13:34
https://www.instagram.com/bdlsydbdllhbdllh,bdlsydbdllhbdllh,2021-01-07 03:13:54
https://www.instagram.com/neema.patrice.58,neema.patrice.58,2021-01-07 03:14:27
https://www.instagram.com/abdi_hawassa,abdi_hawassa,2021-01-07 03:16:06
https://www.instagram.com/im_ronak_kareliya1508,im_ronak_kareliya1508,2021-01-07 03:17:42
https://www.instagram.com/escobreal2,escobreal2,2021-01-07 03:18:56
https://www.instagram.com/_samuel.alexandre,_samuel.alexandre,2021-01-07 03:21:55
https://www.instagram.com/notxx_dan,notxx_dan,2021-01-07 03:26:12
https://www.instagram.com/ha6382988,ha6382988,2021-01-07 03:34:40
https://www.instagram.com/tesfit__jhon,tesfit__jhon,2021-01-07 03:45:49
https://www.instagram.com/mila_jnr21,mila_jnr21,2021-01-07 03:46:25
https://www.instagram.com/zaw.zawhtwe.397501,zaw.zawhtwe.397501,2021-01-07 04:19:40
https://www.instagram.com/sathiya32322,sathiya32322,2021-01-07 05:30:21
https://www.instagram.com/sawhtungnaung,sawhtungnaung,2021-01-07 05:38:57
https://www.instagram.com/harrythuya,harrythuya,2021-01-07 05:51:47
https://www.instagram.com/ameleyfishikta,ameleyfishikta,2021-01-07 05:55:50
https://www.instagram.com/logic_4k,logic_4k,2021-01-07 05:57:05
https://www.instagram.com/charleswilliams930.2,charleswilliams930.2,2021-01-07 06:16:43
https://www.instagram.com/hamzalatib0607,hamzalatib0607,2021-01-07 06:20:05
https://www.instagram.com/ayu.hailu,ayu.hailu,2021-01-07 07:05:20
https://www.instagram.com/fike.26,fike.26,2021-01-07 07:56:07
https://www.instagram.com/jonathanmwana16,jonathanmwana16,2021-01-07 07:58:02
https://www.instagram.com/bdapple27606,bdapple27606,2021-01-07 08:09:38
https://www.instagram.com/aishabawaziri,aishabawaziri,2021-01-07 08:16:12
https://www.instagram.com/omarbas2316,omarbas2316,2021-01-07 08:35:48
https://www.instagram.com/phoenix10112,phoenix10112,2021-01-07 08:43:36
https://www.instagram.com/adjowa_debby,adjowa_debby,2021-01-07 08:52:21
https://www.instagram.com/x_bk_bmw_x,x_bk_bmw_x,2021-01-07 09:01:13
https://www.instagram.com/chuptaarbaannk,chuptaarbaannk,2021-01-07 09:47:19
https://www.instagram.com/min_hein_tun,min_hein_tun,2021-01-07 10:17:27
https://www.instagram.com/marcelolemoslemos110,marcelolemoslemos110,2021-01-07 10:23:11
https://www.instagram.com/abwbkrmohamd,abwbkrmohamd,2021-01-07 11:22:28
https://www.instagram.com/cchakrphlbaannb,cchakrphlbaannb,2021-01-07 11:27:01
https://www.instagram.com/naayethiiynsmbati,naayethiiynsmbati,2021-01-07 11:32:08
https://www.instagram.com/minde_sagar_0092,minde_sagar_0092,2021-01-07 11:38:13
https://www.instagram.com/pedro_i_yanez,pedro_i_yanez,2021-01-07 11:50:29
https://www.instagram.com/adlan.mamedov,adlan.mamedov,2021-01-07 12:17:32
https://www.instagram.com/sky_xyrrach,sky_xyrrach,2021-01-07 12:26:11
https://www.instagram.com/nengkevinsanjaya,nengkevinsanjaya,2021-01-07 12:31:01
https://www.instagram.com/mfeven83,mfeven83,2021-01-07 12:44:33
https://www.instagram.com/ali.ibrahem100,ali.ibrahem100,2021-01-07 14:20:47
https://www.instagram.com/mr._wolverine.007,mr._wolverine.007,2021-01-07 17:06:13
https://www.instagram.com/tigist.guta.9275,tigist.guta.9275,2021-01-07 17:31:22
https://www.instagram.com/dylan1234434,dylan1234434,2021-01-07 19:35:10
https://www.instagram.com/kwandorh_n,kwandorh_n,2021-01-08 15:20:44
https://www.instagram.com/ruth_tegegn,ruth_tegegn,2021-01-08 17:05:17
https://www.instagram.com/hafiz_nan,hafiz_nan,2021-01-08 17:43:13
https://www.instagram.com/lyhourmongho,lyhourmongho,2021-01-08 17:54:15
https://www.instagram.com/akiyaa13,akiyaa13,2021-01-08 18:30:34
https://www.instagram.com/sosienuka,sosienuka,2021-01-08 21:19:05
https://www.instagram.com/yao.ali,yao.ali,2021-01-09 03:55:23
https://www.instagram.com/sreeju_kv,sreeju_kv,2021-01-09 03:58:57
https://www.instagram.com/dovanmusclc,dovanmusclc,2021-01-09 05:19:22
https://www.instagram.com/elmolier,elmolier,2021-01-09 05:33:03
https://www.instagram.com/saravana9170,saravana9170,2021-01-09 05:41:34
https://www.instagram.com/ondergurme,ondergurme,2021-01-09 06:11:15
https://www.instagram.com/nure_26_,nure_26_,2021-01-09 07:34:23
https://www.instagram.com/milkaendrias,milkaendrias,2021-01-09 07:52:16
https://www.instagram.com/mareeme56,mareeme56,2021-01-09 08:38:59
https://www.instagram.com/vahidnikparvar71,vahidnikparvar71,2021-01-09 08:58:57
https://www.instagram.com/arrnoe2020,arrnoe2020,2021-01-09 09:06:36
https://www.instagram.com/nmwore,nmwore,2021-01-09 11:40:29
https://www.instagram.com/senu597,senu597,2021-01-09 11:44:01
https://www.instagram.com/ronaldinho7301,ronaldinho7301,2021-01-09 11:58:30
https://www.instagram.com/sypho13,sypho13,2021-01-09 12:08:35
https://www.instagram.com/wanairellaqasya,wanairellaqasya,2021-01-10 01:49:34
https://www.instagram.com/gabrl_19,gabrl_19,2021-01-13 11:59:38
https://www.instagram.com/tit_nej,tit_nej,2021-01-19 15:04:44
https://www.instagram.com/soltan_karo,soltan_karo,2021-01-19 15:05:38
https://www.instagram.com/snabte,snabte,2021-01-19 15:06:53
https://www.instagram.com/mesfinbiru_lemamer,mesfinbiru_lemamer,2021-01-19 15:59:23
https://www.instagram.com/hasanishahriar,hasanishahriar,2021-01-19 17:34:55
https://www.instagram.com/ali_gmail6,ali_gmail6,2021-01-19 18:53:11
https://www.instagram.com/thelabrantsandfishers,thelabrantsandfishers,2021-01-19 21:55:49
https://www.instagram.com/kuldeepkumar_recilent,kuldeepkumar_recilent,2021-01-19 23:33:36
https://www.instagram.com/rizziahmad.786,rizziahmad.786,2021-01-20 04:29:37
https://www.instagram.com/danzeyjustin,danzeyjustin,2021-01-20 11:43:50
https://www.instagram.com/arsi_pi,arsi_pi,2021-01-20 12:47:19
https://www.instagram.com/mewdedkibru,mewdedkibru,2021-01-20 16:25:57
https://www.instagram.com/_luv.eynieee._04,_luv.eynieee._04,2021-01-20 16:59:32
https://www.instagram.com/taiyrovelyar,taiyrovelyar,2021-01-20 17:55:03
https://www.instagram.com/haaz_thriftshop,haaz_thriftshop,2021-01-20 18:25:15
https://www.instagram.com/kr__m18,kr__m18,2021-01-20 19:17:16
https://www.instagram.com/pulplenice,pulplenice,2021-01-20 20:00:16
https://www.instagram.com/hura_hriti,hura_hriti,2021-01-20 20:26:21
https://www.instagram.com/kong_fupanda,kong_fupanda,2021-01-20 20:26:40
https://www.instagram.com/ethiohabesha_lij,ethiohabesha_lij,2021-01-20 20:56:12
https://www.instagram.com/amahara__ethiopia,amahara__ethiopia,2021-01-20 22:36:36
https://www.instagram.com/godloveashanti02,godloveashanti02,2021-01-21 00:45:00
https://www.instagram.com/tawan_2k21,tawan_2k21,2021-01-21 01:05:34
https://www.instagram.com/akash_srivastv46,akash_srivastv46,2021-01-30 14:42:39
https://www.instagram.com/jo.r.d.an_,jo.r.d.an_,2021-02-12 18:42:48
https://www.instagram.com/yabets._,yabets._,2021-04-05 18:24:54
https://www.instagram.com/erbusedr,erbusedr,2021-04-22 08:47:31
https://www.instagram.com/bbak_scalp,bbak_scalp,2021-05-24 16:52:07
https://www.instagram.com/soumayo123,soumayo123,2021-06-02 08:11:26
https://www.instagram.com/_never_give_up_57,_never_give_up_57,2021-06-02 08:52:04
https://www.instagram.com/hera_shim,hera_shim,2021-06-02 15:45:07
https://www.instagram.com/successful_habesha,successful_habesha,2021-06-07 20:00:25
https://www.instagram.com/iftikharahmad684,iftikharahmad684,2021-06-10 12:18:22
https://www.instagram.com/shubhm466,shubhm466,2021-06-10 12:21:52
https://www.instagram.com/im_raj_king_drx,im_raj_king_drx,2021-06-10 12:24:19
https://www.instagram.com/dammyfroshitz,dammyfroshitz,2021-06-10 12:31:53
https://www.instagram.com/sunilthakor6739,sunilthakor6739,2021-06-10 12:31:53
https://www.instagram.com/reinaldoegito,reinaldoegito,2021-06-10 12:51:11
https://www.instagram.com/azoz.ali.188,azoz.ali.188,2021-06-10 13:00:36
https://www.instagram.com/dra.vilmafeitoza,dra.vilmafeitoza,2021-06-10 13:23:49
https://www.instagram.com/eliezyrafae,eliezyrafae,2021-06-10 13:29:28
https://www.instagram.com/rodrigoredinzteixeira,rodrigoredinzteixeira,2021-06-10 14:20:09
https://www.instagram.com/ramonferradorfarrier,ramonferradorfarrier,2021-06-10 14:31:28
https://www.instagram.com/maysa_5626,maysa_5626,2021-06-10 14:47:17
https://www.instagram.com/mirzasalman2682,mirzasalman2682,2021-06-10 14:52:39
https://www.instagram.com/______choudhary__ji_____,______choudhary__ji_____,2021-06-10 14:55:31
https://www.instagram.com/sanjib_gor_2290,sanjib_gor_2290,2021-06-10 14:56:01
https://www.instagram.com/seneoooor,seneoooor,2021-06-10 14:59:52
https://www.instagram.com/v__i__p_kanudo,v__i__p_kanudo,2021-06-10 15:00:08
https://www.instagram.com/ed_groovey,ed_groovey,2021-06-10 15:03:50
https://www.instagram.com/jacoboesparzaballin,jacoboesparzaballin,2021-06-10 15:14:24
https://www.instagram.com/mr.khambhu___99,mr.khambhu___99,2021-06-10 15:16:05
https://www.instagram.com/kokare751,kokare751,2021-06-10 15:22:59
https://www.instagram.com/patilsunil95278,patilsunil95278,2021-06-10 15:25:40
https://www.instagram.com/sarinaenat,sarinaenat,2021-06-10 15:33:23
https://www.instagram.com/suman220f,suman220f,2021-06-10 15:36:34
https://www.instagram.com/adayoalex,adayoalex,2021-06-10 15:37:08
https://www.instagram.com/jottape.monteiro14,jottape.monteiro14,2021-06-10 15:42:51
https://www.instagram.com/anthony_moreira_arte,anthony_moreira_arte,2021-06-10 15:43:22
https://www.instagram.com/shazad123444,shazad123444,2021-06-10 15:46:17
https://www.instagram.com/rishnado_007,rishnado_007,2021-06-10 15:47:54
https://www.instagram.com/omer.arap.5,omer.arap.5,2021-06-10 16:25:52
https://www.instagram.com/mahesh.zanje,mahesh.zanje,2021-06-10 16:42:44
https://www.instagram.com/hr__haythem,hr__haythem,2021-06-10 16:43:54
https://www.instagram.com/mugundhanmddon,mugundhanmddon,2021-06-10 16:44:41
https://www.instagram.com/tushar_goga,tushar_goga,2021-06-10 17:04:37
https://www.instagram.com/mj_full_of_collection,mj_full_of_collection,2021-06-10 17:28:36
https://www.instagram.com/jhonatan.desousaoliveira.50,jhonatan.desousaoliveira.50,2021-06-10 17:31:47
https://www.instagram.com/medseddik1920,medseddik1920,2021-06-10 17:33:57
https://www.instagram.com/_12_aoao,_12_aoao,2021-06-10 17:41:56
https://www.instagram.com/bdlm3556,bdlm3556,2021-06-10 17:47:41
https://www.instagram.com/001mahela,001mahela,2021-06-10 17:59:08
https://www.instagram.com/marwan_alzohayri,marwan_alzohayri,2021-06-10 18:07:15
https://www.instagram.com/fazi3719,fazi3719,2021-06-10 18:18:16
https://www.instagram.com/alexander_alan_australia,alexander_alan_australia,2021-06-10 18:43:26
https://www.instagram.com/bilall.adili,bilall.adili,2021-06-10 18:45:30
https://www.instagram.com/fontanjoe,fontanjoe,2021-06-10 19:13:06
https://www.instagram.com/thunder.sam.ramirez,thunder.sam.ramirez,2021-06-10 19:29:54
https://www.instagram.com/laliswabrah_cutey,laliswabrah_cutey,2021-06-10 19:39:19
https://www.instagram.com/marcilene4916,marcilene4916,2021-06-10 19:39:57
https://www.instagram.com/mi.li3251,mi.li3251,2021-06-10 23:02:46
https://www.instagram.com/ewe__anthony_,ewe__anthony_,2021-06-11 00:07:37
https://www.instagram.com/rachitgondiya,rachitgondiya,2021-06-11 02:44:20
https://www.instagram.com/edentafese,edentafese,2021-06-11 04:14:56
https://www.instagram.com/quophie_the_man_of_peace,quophie_the_man_of_peace,2021-06-11 07:01:33
https://www.instagram.com/sebli_abaye,sebli_abaye,2021-06-12 06:02:06
https://www.instagram.com/hika.tm,hika.tm,2021-06-12 06:12:44
https://www.instagram.com/saj93_,saj93_,2021-06-12 10:24:11
https://www.instagram.com/senaye_t,senaye_t,2021-06-14 15:54:13
https://www.instagram.com/anishkumar7892,anishkumar7892,2021-06-15 08:06:27
https://www.instagram.com/chandanray_fb,chandanray_fb,2021-06-17 16:23:02
https://www.instagram.com/loritapou,loritapou,2021-06-17 16:25:50
https://www.instagram.com/bebemona4,bebemona4,2021-06-17 16:29:31
https://www.instagram.com/bambasene34,bambasene34,2021-06-17 16:39:24
https://www.instagram.com/queencess_miira,queencess_miira,2021-06-17 16:41:24
https://www.instagram.com/geuye_serigne,geuye_serigne,2021-06-17 16:58:29
https://www.instagram.com/varchandr1,varchandr1,2021-06-17 17:15:40
https://www.instagram.com/issa5068,issa5068,2021-06-17 18:04:46
https://www.instagram.com/ngom6373,ngom6373,2021-06-17 18:09:59
https://www.instagram.com/raoul_nation_01,raoul_nation_01,2021-06-17 18:41:16
https://www.instagram.com/mbacke.fall007,mbacke.fall007,2021-06-17 18:51:06
https://www.instagram.com/jeanssambe,jeanssambe,2021-06-17 19:35:55
https://www.instagram.com/mahzo_3945,mahzo_3945,2021-06-17 19:42:52
https://www.instagram.com/s_s_ngom,s_s_ngom,2021-06-17 20:10:08
https://www.instagram.com/d.a.n.t.o.zz,d.a.n.t.o.zz,2021-06-17 20:24:36
https://www.instagram.com/_bruno_pablo,_bruno_pablo,2021-06-17 20:31:59
https://www.instagram.com/max_ime104,max_ime104,2021-06-17 21:28:31
https://www.instagram.com/emma.gahouide,emma.gahouide,2021-06-17 22:40:29
https://www.instagram.com/gueye_businessman_221,gueye_businessman_221,2021-06-17 23:49:50
https://www.instagram.com/keita_entrepreneur_,keita_entrepreneur_,2021-06-18 00:07:51
https://www.instagram.com/tvllkheuch,tvllkheuch,2021-06-18 00:29:27
https://www.instagram.com/samsh_9.7,samsh_9.7,2021-06-18 01:00:06
https://www.instagram.com/bongsoechy,bongsoechy,2021-06-18 01:45:17
https://www.instagram.com/lroykha,lroykha,2021-06-18 01:56:42
https://www.instagram.com/malick.coiffeur,malick.coiffeur,2021-06-18 03:40:25
https://www.instagram.com/__queen__.umeyma1362,__queen__.umeyma1362,2021-06-18 09:20:12
https://www.instagram.com/kapilkumar1240jaat,kapilkumar1240jaat,2021-06-19 00:24:18
https://www.instagram.com/anandraj5638,anandraj5638,2021-06-19 01:26:02
https://www.instagram.com/sahilpal763,sahilpal763,2021-06-19 01:46:37
https://www.instagram.com/pp806070,pp806070,2021-06-19 06:55:03
https://www.instagram.com/madarmaxamedaadan,madarmaxamedaadan,2021-06-19 10:42:36
https://www.instagram.com/msbfyslldrysy,msbfyslldrysy,2021-06-19 10:51:58
https://www.instagram.com/yusufabdi208,yusufabdi208,2021-06-19 11:04:37
https://www.instagram.com/karan1995mittal,karan1995mittal,2021-06-19 11:10:48
https://www.instagram.com/mdkawsar005,mdkawsar005,2021-06-19 12:04:37
https://www.instagram.com/nin_walan_oo_yare_,nin_walan_oo_yare_,2021-06-19 12:29:49
https://www.instagram.com/tiger_toez,tiger_toez,2021-06-19 12:44:52
https://www.instagram.com/official_dayanara_m,official_dayanara_m,2021-06-19 13:26:55
https://www.instagram.com/ommy3226,ommy3226,2021-06-19 14:24:07
https://www.instagram.com/maxamed.ciise,maxamed.ciise,2021-06-19 15:22:04
https://www.instagram.com/amisha_guean,amisha_guean,2021-06-19 16:59:54
https://www.instagram.com/maianyalvesdossantos,maianyalvesdossantos,2021-06-19 17:49:45
https://www.instagram.com/ashurao361,ashurao361,2021-06-19 17:52:34
https://www.instagram.com/roza_tafese_,roza_tafese_,2021-06-19 17:53:35
https://www.instagram.com/bruno_yzzo_,bruno_yzzo_,2021-06-19 18:05:32
https://www.instagram.com/breeze_kathy,breeze_kathy,2021-06-19 18:19:48
https://www.instagram.com/maria_mussse,maria_mussse,2021-06-19 18:47:18
https://www.instagram.com/brook12b,brook12b,2021-06-20 06:05:05
https://www.instagram.com/sunilsolanki605,sunilsolanki605,2021-06-20 07:13:54
https://www.instagram.com/nadi.amare,nadi.amare,2021-06-20 15:09:46
https://www.instagram.com/nahon_v,nahon_v,2021-06-22 12:02:56
https://www.instagram.com/bon_b2,bon_b2,2021-06-25 08:07:35
https://www.instagram.com/ruth.tegegn,ruth.tegegn,2021-07-01 16:57:52
https://www.instagram.com/mo.yaseen.9469545,mo.yaseen.9469545,2021-07-05 16:27:30
https://www.instagram.com/ashikashi3339,ashikashi3339,2021-07-11 12:52:20
https://www.instagram.com/darmirexlord,darmirexlord,2021-07-14 19:41:31
https://www.instagram.com/raedalhasiny,raedalhasiny,2021-07-14 20:14:03
https://www.instagram.com/violetgarcia919,violetgarcia919,2021-07-15 02:17:20
https://www.instagram.com/hindiyo_officiall,hindiyo_officiall,2021-07-15 16:30:04
https://www.instagram.com/zumaya.omar,zumaya.omar,2021-07-15 17:52:34
https://www.instagram.com/manuella11022021,manuella11022021,2021-07-18 07:10:39
https://www.instagram.com/mohazey_yare,mohazey_yare,2021-07-18 09:04:49
https://www.instagram.com/difereciada_flavinha,difereciada_flavinha,2021-07-18 13:10:25
https://www.instagram.com/0pdirizak._,0pdirizak._,2021-07-19 11:50:53
https://www.instagram.com/moe.love.1447,moe.love.1447,2021-07-20 02:31:21
https://www.instagram.com/bekisinger,bekisinger,2021-07-25 11:34:52
https://www.instagram.com/rabunny__,rabunny__,2021-08-01 10:35:21
https://www.instagram.com/_abigutt_,_abigutt_,2021-08-01 10:47:07
https://www.instagram.com/deva_hu,deva_hu,2021-08-08 06:58:17
https://www.instagram.com/goat_of_tweets,goat_of_tweets,2021-08-08 09:13:45
https://www.instagram.com/henok.wasihun,henok.wasihun,2021-08-10 00:49:22
https://www.instagram.com/kira_amare,kira_amare,2021-08-13 18:11:38
https://www.instagram.com/alemena_ye_,alemena_ye_,2021-08-13 21:50:34
https://www.instagram.com/koneadama7115,koneadama7115,2021-08-26 14:03:53
https://www.instagram.com/issadieng34,issadieng34,2021-08-26 14:09:18
https://www.instagram.com/oua3589,oua3589,2021-08-26 14:15:56
https://www.instagram.com/stephanemilleeuros,stephanemilleeuros,2021-08-26 14:31:20
https://www.instagram.com/shaddy_tk254,shaddy_tk254,2021-08-26 15:01:09
https://www.instagram.com/astel5575,astel5575,2021-08-26 15:19:58
https://www.instagram.com/johnkerryjohnkerry7,johnkerryjohnkerry7,2021-08-26 15:31:07
https://www.instagram.com/rts_for_life,rts_for_life,2021-08-26 15:54:51
https://www.instagram.com/neglehlmedekemiw,neglehlmedekemiw,2021-08-26 16:19:18
https://www.instagram.com/bohui14,bohui14,2021-08-26 16:25:39
https://www.instagram.com/tebialassane,tebialassane,2021-08-26 16:30:57
https://www.instagram.com/wams_236,wams_236,2021-08-26 17:03:18
https://www.instagram.com/mr_million_miliard,mr_million_miliard,2021-08-26 17:56:25
https://www.instagram.com/thomasbruceleroy,thomasbruceleroy,2021-08-26 18:13:33
https://www.instagram.com/lily_dior242,lily_dior242,2021-08-26 19:16:43
https://www.instagram.com/delvasthencia,delvasthencia,2021-08-26 19:35:16
https://www.instagram.com/baron_choco_,baron_choco_,2021-08-26 19:39:24
https://www.instagram.com/nalinanaledi,nalinanaledi,2021-08-26 20:05:55
https://www.instagram.com/martialbadou,martialbadou,2021-08-26 20:07:13
https://www.instagram.com/amenat5_ante_yelbe_jegna,amenat5_ante_yelbe_jegna,2021-08-26 20:43:15
https://www.instagram.com/zaffmohamed,zaffmohamed,2021-08-26 22:28:50
https://www.instagram.com/prada196,prada196,2021-08-27 00:20:04
https://www.instagram.com/canaricasse12,canaricasse12,2021-08-27 00:22:25
https://www.instagram.com/val.shanon.7,val.shanon.7,2021-08-27 00:35:34
https://www.instagram.com/mamila______99,mamila______99,2021-08-27 02:38:16
https://www.instagram.com/modestedibo,modestedibo,2021-08-27 06:18:13
https://www.instagram.com/zoulobouabre,zoulobouabre,2021-08-27 10:43:00
https://www.instagram.com/ezo.lebatonnier2020,ezo.lebatonnier2020,2021-08-27 12:26:46
https://www.instagram.com/mr_diomande10,mr_diomande10,2021-08-27 13:08:28
https://www.instagram.com/nardiqueen_22,nardiqueen_22,2021-08-31 12:09:14
https://www.instagram.com/the_yosf____,the_yosf____,2021-09-03 19:03:07
https://www.instagram.com/hailenatty,hailenatty,2021-09-03 19:58:06
https://www.instagram.com/model_kalkidan_negese,model_kalkidan_negese,2021-09-03 20:35:27
https://www.instagram.com/so.lomon3022,so.lomon3022,2021-09-04 13:29:40
https://www.instagram.com/betinaa10,betinaa10,2021-09-05 09:16:01
https://www.instagram.com/danya_0418,danya_0418,2021-09-05 13:42:25
https://www.instagram.com/georgejesseoni,georgejesseoni,2021-09-05 18:21:59
https://www.instagram.com/mas41231,mas41231,2021-09-06 10:53:12
https://www.instagram.com/maritatadesse,maritatadesse,2021-09-13 16:41:14
https://www.instagram.com/sebo_sofi,sebo_sofi,2021-09-13 17:27:39
https://www.instagram.com/mikgeday,mikgeday,2021-09-13 20:15:34
https://www.instagram.com/bhd_yayasuse,bhd_yayasuse,2021-09-14 08:13:25
https://www.instagram.com/mekoneneliyas,mekoneneliyas,2021-09-19 04:25:52
https://www.instagram.com/asyarf_asyarf,asyarf_asyarf,2021-09-22 20:24:02
https://www.instagram.com/emmanuel.kaloki,emmanuel.kaloki,2021-09-28 05:45:39
https://www.instagram.com/redu9828,redu9828,2021-09-28 12:56:13
https://www.instagram.com/p.a.p.i.n,p.a.p.i.n,2021-10-02 04:59:26
https://www.instagram.com/ahmed93233,ahmed93233,2021-10-02 05:23:39
https://www.instagram.com/hrobel432,hrobel432,2021-10-02 05:33:53
https://www.instagram.com/fekerte_fekerte,fekerte_fekerte,2021-10-02 05:49:32
https://www.instagram.com/mario.c.marco,mario.c.marco,2021-10-02 06:43:25
https://www.instagram.com/mustafa_kanaan19,mustafa_kanaan19,2021-10-02 07:08:46
https://www.instagram.com/justmelukka,justmelukka,2021-10-02 07:12:27
https://www.instagram.com/jackson_8732,jackson_8732,2021-10-02 07:32:33
https://www.instagram.com/firaolt,firaolt,2021-10-02 08:06:34
https://www.instagram.com/mussiefrezgi,mussiefrezgi,2021-10-02 08:08:47
https://www.instagram.com/yh__1224,yh__1224,2021-10-02 09:45:35
https://www.instagram.com/lzlmy.qhtn,lzlmy.qhtn,2021-10-02 09:50:30
https://www.instagram.com/gweleske.makeup,gweleske.makeup,2021-10-02 09:53:41
https://www.instagram.com/rich_bekele,rich_bekele,2021-10-02 11:14:46
https://www.instagram.com/s.cjee121200,s.cjee121200,2021-10-02 11:21:11
https://www.instagram.com/smitaranjan__patra,smitaranjan__patra,2021-10-02 12:23:31
https://www.instagram.com/make_kiya,make_kiya,2021-10-02 12:25:33
https://www.instagram.com/neng_amira_29,neng_amira_29,2021-10-02 12:27:02
https://www.instagram.com/mimatijijel,mimatijijel,2021-10-02 12:28:36
https://www.instagram.com/njd9227,njd9227,2021-10-02 12:35:14
https://www.instagram.com/pravin_sinh_bapu____,pravin_sinh_bapu____,2021-10-02 12:35:35
https://www.instagram.com/abelkibodya,abelkibodya,2021-10-02 12:36:50
https://www.instagram.com/alim.ohammed6980,alim.ohammed6980,2021-10-02 12:36:52
https://www.instagram.com/reza_kord_rojhlat,reza_kord_rojhlat,2021-10-02 12:41:22
https://www.instagram.com/helen_hafte,helen_hafte,2021-10-02 12:49:21
https://www.instagram.com/talal_eissa,talal_eissa,2021-10-02 12:59:55
https://www.instagram.com/prakash_prakash_prakasha,prakash_prakash_prakasha,2021-10-02 13:18:24
https://www.instagram.com/wizhelusa,wizhelusa,2021-10-02 13:22:02
https://www.instagram.com/rriieell.aa,rriieell.aa,2021-10-02 13:35:53
https://www.instagram.com/ax_300k,ax_300k,2021-10-02 13:38:44
https://www.instagram.com/fati0aman,fati0aman,2021-10-02 14:10:14
https://www.instagram.com/sweet_girl_miss_625___________,sweet_girl_miss_625___________,2021-10-02 14:27:54
https://www.instagram.com/tairou_mamadu_okoro,tairou_mamadu_okoro,2021-10-02 14:52:09
https://www.instagram.com/jemal_ahmed1,jemal_ahmed1,2021-10-02 15:11:57
https://www.instagram.com/balathaeshetu,balathaeshetu,2021-10-02 15:15:26
https://www.instagram.com/hajawi_hgawi,hajawi_hgawi,2021-10-02 15:17:24
https://www.instagram.com/ataullah1985,ataullah1985,2021-10-02 15:27:05
https://www.instagram.com/dgnahu2002,dgnahu2002,2021-10-02 15:39:01
https://www.instagram.com/qaaleyamaarayaameleji,qaaleyamaarayaameleji,2021-10-02 15:50:51
https://www.instagram.com/fikir_eu_eminatiy,fikir_eu_eminatiy,2021-10-02 15:57:52
https://www.instagram.com/ornasempire,ornasempire,2021-10-02 15:59:16
https://www.instagram.com/hanii_yee_kaliid_ahamad_,hanii_yee_kaliid_ahamad_,2021-10-02 16:33:35
https://www.instagram.com/samiamiin,samiamiin,2021-10-09 18:08:35
https://www.instagram.com/siraje_kemal,siraje_kemal,2021-10-23 15:24:47
https://www.instagram.com/yabets_ayele_,yabets_ayele_,2021-11-22 19:15:15
https://www.instagram.com/ekram4174,ekram4174,2021-11-24 06:16:37
https://www.instagram.com/a_b_i_n_e_t_3,a_b_i_n_e_t_3,2021-11-26 08:32:10
https://www.instagram.com/abrsho_18,abrsho_18,2021-11-29 14:14:55
https://www.instagram.com/ethiotibeb_academy,ethiotibeb_academy,2021-12-03 18:42:11
https://www.instagram.com/hanny_ananiya,hanny_ananiya,2021-12-05 11:23:51
https://www.instagram.com/yonatan_tsedeke,yonatan_tsedeke,2021-12-05 15:48:06
https://www.instagram.com/empowerment.mensoutfits,empowerment.mensoutfits,2021-12-08 00:04:32
https://www.instagram.com/robel.robi.77,robel.robi.77,2021-12-10 19:58:51
https://www.instagram.com/tizu.1,tizu.1,2021-12-11 07:31:25
https://www.instagram.com/ka.lu3828,ka.lu3828,2021-12-14 18:45:49
https://www.instagram.com/mamila626,mamila626,2021-12-15 09:19:53
https://www.instagram.com/yeabsira456,yeabsira456,2021-12-15 11:25:42
https://www.instagram.com/fizamedia,fizamedia,2021-12-15 12:02:03
https://www.instagram.com/muaz29683,muaz29683,2021-12-15 12:49:58
https://www.instagram.com/y_o_m_u64,y_o_m_u64,2021-12-15 13:51:15
https://www.instagram.com/mikiyas6747,mikiyas6747,2021-12-15 16:49:37
https://www.instagram.com/ab.st4r.67,ab.st4r.67,2021-12-16 12:45:02
https://www.instagram.com/reduget_lv19,reduget_lv19,2021-12-17 07:45:21
https://www.instagram.com/amira._321,amira._321,2021-12-17 08:08:18
https://www.instagram.com/bezubeti,bezubeti,2021-12-17 10:31:45
https://www.instagram.com/rutina7171,rutina7171,2021-12-17 11:56:29
https://www.instagram.com/henok.tegegne100,henok.tegegne100,2021-12-17 12:02:56
https://www.instagram.com/richboy_6299,richboy_6299,2021-12-17 13:33:31
https://www.instagram.com/ataasaayunyekasu,ataasaayunyekasu,2021-12-17 18:31:22
https://www.instagram.com/ebtisem_ks,ebtisem_ks,2021-12-17 20:56:05
https://www.instagram.com/danijrgong,danijrgong,2021-12-17 21:00:12
https://www.instagram.com/slimthicca2021,slimthicca2021,2021-12-17 21:22:50
https://www.instagram.com/georgia_jenkins113,georgia_jenkins113,2021-12-18 00:57:15
https://www.instagram.com/moodin75,moodin75,2021-12-18 04:44:23
https://www.instagram.com/selenatabdul,selenatabdul,2021-12-19 21:42:08
https://www.instagram.com/5hrb._,5hrb._,2021-12-20 06:11:48
https://www.instagram.com/epha_habeshawi,epha_habeshawi,2021-12-20 07:11:27
https://www.instagram.com/nuriakhmetov95,nuriakhmetov95,2021-12-20 07:29:30
https://www.instagram.com/lo.bass.562,lo.bass.562,2021-12-20 07:36:38
https://www.instagram.com/ajitshih.jadeja.7355,ajitshih.jadeja.7355,2021-12-20 08:04:48
https://www.instagram.com/flawra81,flawra81,2021-12-20 08:19:31
https://www.instagram.com/sheikhamid788,sheikhamid788,2021-12-20 08:19:34
https://www.instagram.com/diarsoama,diarsoama,2021-12-20 08:31:55
https://www.instagram.com/ali_chitrali,ali_chitrali,2021-12-20 08:55:40
https://www.instagram.com/vsingh76547,vsingh76547,2021-12-20 09:17:59
https://www.instagram.com/najehmohammed,najehmohammed,2021-12-20 10:15:20
https://www.instagram.com/chenaramgurjar70,chenaramgurjar70,2021-12-20 10:25:17
https://www.instagram.com/the_harish_boy01,the_harish_boy01,2021-12-20 10:57:43
https://www.instagram.com/omaralshamary25,omaralshamary25,2021-12-20 11:14:20
https://www.instagram.com/ngwolfgang,ngwolfgang,2021-12-20 11:27:44
https://www.instagram.com/amazingmichou,amazingmichou,2021-12-20 11:50:33
https://www.instagram.com/dijah141,dijah141,2021-12-20 11:54:03
https://www.instagram.com/dioufy98,dioufy98,2021-12-20 12:24:08
https://www.instagram.com/sann_queen_,sann_queen_,2021-12-20 12:38:55
https://www.instagram.com/afjal1234567890,afjal1234567890,2021-12-20 13:20:34
https://www.instagram.com/frn_draco6,frn_draco6,2021-12-20 14:27:51
https://www.instagram.com/kariimebenhaddou,kariimebenhaddou,2021-12-20 14:32:52
https://www.instagram.com/hosein._7800,hosein._7800,2021-12-20 14:40:14
https://www.instagram.com/francielesouza942,francielesouza942,2021-12-20 14:44:05
https://www.instagram.com/shantae.richards.3,shantae.richards.3,2021-12-20 15:33:34
https://www.instagram.com/ghasem_5647,ghasem_5647,2021-12-20 16:00:24
https://www.instagram.com/_gungu._,_gungu._,2021-12-20 16:03:46
https://www.instagram.com/durgendra0545,durgendra0545,2021-12-20 16:53:42
https://www.instagram.com/vinibfffofis,vinibfffofis,2021-12-20 17:04:41
https://www.instagram.com/jamarsenior12022,jamarsenior12022,2021-12-20 17:19:55
https://www.instagram.com/saqib_saleem786,saqib_saleem786,2021-12-20 18:21:25
https://www.instagram.com/coco_na_chanel224,coco_na_chanel224,2021-12-20 18:33:54
https://www.instagram.com/cisco_giles,cisco_giles,2021-12-20 19:06:29
https://www.instagram.com/s_a_n_g_f,s_a_n_g_f,2021-12-20 19:34:54
https://www.instagram.com/f40__.40,f40__.40,2021-12-20 20:40:10
https://www.instagram.com/_.braids_by_manda._,_.braids_by_manda._,2021-12-20 22:04:23
https://www.instagram.com/big__robber__like__bob,big__robber__like__bob,2021-12-20 22:15:23
https://www.instagram.com/hiwot_ene,hiwot_ene,2021-12-20 22:32:38
https://www.instagram.com/leo_lewandowski9,leo_lewandowski9,2021-12-20 23:09:00
https://www.instagram.com/zubesunrise_collcetion,zubesunrise_collcetion,2021-12-20 23:26:55
https://www.instagram.com/baim55087,baim55087,2021-12-20 23:50:29
https://www.instagram.com/papi_lo_murcia,papi_lo_murcia,2021-12-21 00:05:23
https://www.instagram.com/tilla1000,tilla1000,2021-12-21 01:03:39
https://www.instagram.com/livvvv_.o,livvvv_.o,2021-12-21 01:03:42
https://www.instagram.com/quarmhe_lhinguist,quarmhe_lhinguist,2021-12-21 01:12:36
https://www.instagram.com/alking_sn,alking_sn,2021-12-21 01:26:37
https://www.instagram.com/el_mansour_busness,el_mansour_busness,2021-12-21 02:44:03
https://www.instagram.com/mohsen.biggii71,mohsen.biggii71,2021-12-21 04:18:24
https://www.instagram.com/esmaei.khaledii,esmaei.khaledii,2021-12-21 04:32:01
https://www.instagram.com/meharban.pasha.501,meharban.pasha.501,2021-12-21 05:25:47
https://www.instagram.com/iman_karino,iman_karino,2021-12-21 05:40:02
https://www.instagram.com/hamid_916963,hamid_916963,2021-12-21 05:50:34
https://www.instagram.com/nikmedical20,nikmedical20,2021-12-21 06:15:41
https://www.instagram.com/moradi.183,moradi.183,2021-12-21 06:46:09
https://www.instagram.com/likkle.__villan876,likkle.__villan876,2021-12-21 07:11:48
https://www.instagram.com/2359ry,2359ry,2021-12-21 07:17:37
https://www.instagram.com/ali_berryyyyy,ali_berryyyyy,2021-12-21 07:22:08
https://www.instagram.com/officialzchun,officialzchun,2021-12-21 08:15:00
https://www.instagram.com/afshindental,afshindental,2021-12-21 08:52:09
https://www.instagram.com/shahbaz.562,shahbaz.562,2021-12-21 09:58:35
https://www.instagram.com/farshid.fr1999,farshid.fr1999,2021-12-21 10:45:45
https://www.instagram.com/_bijarzehi_1384,_bijarzehi_1384,2021-12-21 11:02:52
https://www.instagram.com/colettemia221,colettemia221,2021-12-21 11:09:05
https://www.instagram.com/m.r.milad95,m.r.milad95,2021-12-21 11:43:00
https://www.instagram.com/_amin_ahvaz,_amin_ahvaz,2021-12-21 11:45:13
https://www.instagram.com/milad_prandvar,milad_prandvar,2021-12-21 11:49:27
https://www.instagram.com/rashidaydi137884,rashidaydi137884,2021-12-21 13:11:42
https://www.instagram.com/mohammadtahagholizad,mohammadtahagholizad,2021-12-21 13:31:05
https://www.instagram.com/text.graphicc,text.graphicc,2021-12-21 14:42:15
https://www.instagram.com/hadis._.alizadeh76,hadis._.alizadeh76,2021-12-22 10:28:11
https://www.instagram.com/sanket_kale_vanjari,sanket_kale_vanjari,2021-12-22 10:53:56
https://www.instagram.com/awais__mgl,awais__mgl,2021-12-22 18:18:58
https://www.instagram.com/hanicho1111,hanicho1111,2021-12-26 06:07:06
https://www.instagram.com/seriodave54,seriodave54,2022-01-04 05:25:10
https://www.instagram.com/amadilia_beteta,amadilia_beteta,2022-01-04 19:35:26
https://www.instagram.com/wassera_limosine,wassera_limosine,2022-01-04 20:57:20
https://www.instagram.com/fifi1231411,fifi1231411,2022-01-05 10:23:25
https://www.instagram.com/luquinhasrj_22,luquinhasrj_22,2022-01-05 11:49:33
https://www.instagram.com/dzhwarkarem,dzhwarkarem,2022-01-05 12:37:43
https://www.instagram.com/trlms707,trlms707,2022-01-05 13:07:49
https://www.instagram.com/rf________________m,rf________________m,2022-01-05 13:14:40
https://www.instagram.com/jorge_toro009,jorge_toro009,2022-01-05 13:26:31
https://www.instagram.com/sfynkhld,sfynkhld,2022-01-05 13:32:29
https://www.instagram.com/majidabas58,majidabas58,2022-01-05 14:19:54
https://www.instagram.com/nelcindode,nelcindode,2022-01-05 14:43:28
https://www.instagram.com/yasinashraf69,yasinashraf69,2022-01-05 14:52:26
https://www.instagram.com/sergiowilkosz,sergiowilkosz,2022-01-05 14:58:33
https://www.instagram.com/zzmm230,zzmm230,2022-01-05 15:03:03
https://www.instagram.com/fidel_tawfik,fidel_tawfik,2022-01-05 16:37:07
https://www.instagram.com/kennlevarye_442,kennlevarye_442,2022-01-05 16:46:36
https://www.instagram.com/claudineisbarbosa,claudineisbarbosa,2022-01-05 21:48:26
https://www.instagram.com/lucianobritobarretobrito,lucianobritobarretobrito,2022-01-06 02:01:12
https://www.instagram.com/c._.c1w,c._.c1w,2022-01-06 09:09:52
https://www.instagram.com/jose3073antonio,jose3073antonio,2022-01-06 10:21:20
https://www.instagram.com/wihawa_,wihawa_,2022-01-11 13:33:49
https://www.instagram.com/hawiii282,hawiii282,2022-01-11 15:05:11
https://www.instagram.com/tirsit_behailu,tirsit_behailu,2022-01-12 07:12:05
https://www.instagram.com/yogisharma44855,yogisharma44855,2022-01-12 07:26:52
https://www.instagram.com/ashirbad.lenka.37,ashirbad.lenka.37,2022-01-12 07:40:50
https://www.instagram.com/malang.jatav_up.42.433,malang.jatav_up.42.433,2022-01-12 08:01:30
https://www.instagram.com/ndumisomacoki,ndumisomacoki,2022-01-12 08:02:29
https://www.instagram.com/zewduchuko224,zewduchuko224,2022-01-12 08:29:31
https://www.instagram.com/armani_007_,armani_007_,2022-01-12 09:17:18
https://www.instagram.com/dinesh_kumar_king_007,dinesh_kumar_king_007,2022-01-12 09:20:43
https://www.instagram.com/goverdhank90,goverdhank90,2022-01-12 09:26:59
https://www.instagram.com/star_bash_wingz_lash,star_bash_wingz_lash,2022-01-13 07:52:31
https://www.instagram.com/lina__nu__,lina__nu__,2022-01-14 15:10:15
https://www.instagram.com/miki_mako6,miki_mako6,2022-01-14 16:08:57
https://www.instagram.com/rahelgir,rahelgir,2022-01-14 16:29:53
https://www.instagram.com/semu_tefera,semu_tefera,2022-01-14 17:31:09
https://www.instagram.com/hana.ye.10048,hana.ye.10048,2022-01-14 20:39:30
https://www.instagram.com/klora__2,klora__2,2022-01-15 04:44:32
https://www.instagram.com/samriana_geberhiwot,samriana_geberhiwot,2022-01-16 11:16:04
https://www.instagram.com/chizel_adire_world,chizel_adire_world,2022-01-16 11:20:53
https://www.instagram.com/vitor_hugo_moreli,vitor_hugo_moreli,2022-01-16 11:43:47
https://www.instagram.com/henok91,henok91,2022-01-16 11:45:27
https://www.instagram.com/hermeladestaw,hermeladestaw,2022-01-16 11:58:18
https://www.instagram.com/naumova703,naumova703,2022-01-16 12:35:07
https://www.instagram.com/hemani8136,hemani8136,2022-01-16 15:55:17
https://www.instagram.com/leonardofirmino1876,leonardofirmino1876,2022-01-16 16:35:45
https://www.instagram.com/mahlet.eyasu.96,mahlet.eyasu.96,2022-01-16 19:37:03
https://www.instagram.com/rahel.nigussie.14,rahel.nigussie.14,2022-01-16 20:27:46
https://www.instagram.com/abe_misgana_higisa,abe_misgana_higisa,2022-01-16 20:37:14
https://www.instagram.com/shelemata__,shelemata__,2022-01-16 21:36:46
https://www.instagram.com/rojomormarcos,rojomormarcos,2022-01-17 08:12:26
https://www.instagram.com/zinuyezedo,zinuyezedo,2022-01-17 09:30:15
https://www.instagram.com/hassan3917672,hassan3917672,2022-01-17 10:48:48
https://www.instagram.com/metasbia__getachew,metasbia__getachew,2022-01-17 11:40:29
https://www.instagram.com/theyo_mesfin,theyo_mesfin,2022-01-17 12:24:13
https://www.instagram.com/vtsegaye,vtsegaye,2022-01-17 12:41:10
https://www.instagram.com/blen19909,blen19909,2022-01-17 14:43:36
https://www.instagram.com/wubelemmathewos,wubelemmathewos,2022-01-17 17:47:27
https://www.instagram.com/abikmgossye,abikmgossye,2022-01-17 20:13:32
https://www.instagram.com/mahder843,mahder843,2022-01-17 20:16:03
https://www.instagram.com/hiwehiwete,hiwehiwete,2022-01-18 03:08:30
https://www.instagram.com/jerusalem_165,jerusalem_165,2022-01-18 05:16:06
https://www.instagram.com/uyanda96,uyanda96,2022-01-18 08:17:18
https://www.instagram.com/italama.arkisso.1,italama.arkisso.1,2022-01-18 12:00:40
https://www.instagram.com/gasnaku6,gasnaku6,2022-01-18 12:02:05
https://www.instagram.com/weyingebar,weyingebar,2022-01-18 12:24:55
https://www.instagram.com/sarina_mulat,sarina_mulat,2022-01-18 12:50:06
https://www.instagram.com/abiy.abebe.391,abiy.abebe.391,2022-01-18 13:23:59
https://www.instagram.com/ma___raki,ma___raki,2022-01-18 14:07:14
https://www.instagram.com/alexia_cecilia1,alexia_cecilia1,2022-01-18 16:21:06
https://www.instagram.com/je.je948,je.je948,2022-01-18 16:58:18
https://www.instagram.com/seblew18gmail.com6,seblew18gmail.com6,2022-01-18 17:24:32
https://www.instagram.com/benjamin16444,benjamin16444,2022-01-18 17:27:19
https://www.instagram.com/miheret86,miheret86,2022-01-18 17:31:14
https://www.instagram.com/santawendesen5,santawendesen5,2022-01-18 17:45:08
https://www.instagram.com/abebayehu_abebe,abebayehu_abebe,2022-01-18 18:41:04
https://www.instagram.com/kalkidan8511,kalkidan8511,2022-01-18 19:12:06
https://www.instagram.com/fp642425,fp642425,2022-01-19 01:02:29
https://www.instagram.com/hermon210,hermon210,2022-01-19 04:15:29
https://www.instagram.com/estefanosm,estefanosm,2022-01-19 05:56:25
https://www.instagram.com/___y.a.m.i._,___y.a.m.i._,2022-01-19 07:09:04
https://www.instagram.com/kiflehager_g_mariam,kiflehager_g_mariam,2022-01-19 07:27:44
https://www.instagram.com/danuengineeringtrading,danuengineeringtrading,2022-01-19 07:53:24
https://www.instagram.com/696969nle_696969,696969nle_696969,2022-01-19 09:06:53
https://www.instagram.com/esuba_5625,esuba_5625,2022-01-19 17:13:30
https://www.instagram.com/diori_fantome,diori_fantome,2022-01-20 08:45:42
https://www.instagram.com/diye333,diye333,2022-01-20 11:47:40
https://www.instagram.com/yara.haboor,yara.haboor,2022-01-20 19:29:29
https://www.instagram.com/bemnet_jembere,bemnet_jembere,2022-01-22 03:16:15
https://www.instagram.com/himaa355,himaa355,2022-01-22 06:02:12
https://www.instagram.com/tatasweet07,tatasweet07,2022-01-22 06:56:48
https://www.instagram.com/yishakmisganaw619,yishakmisganaw619,2022-01-22 07:05:59
https://www.instagram.com/nati_jan_,nati_jan_,2022-01-22 07:47:29
https://www.instagram.com/tinsu111,tinsu111,2022-01-23 05:50:53
https://www.instagram.com/daniyegetalij,daniyegetalij,2022-01-23 10:32:48
https://www.instagram.com/abdelbinnar,abdelbinnar,2022-01-23 13:22:43
https://www.instagram.com/____mercy301,____mercy301,2022-01-23 19:17:13
https://www.instagram.com/asteer_nugissie,asteer_nugissie,2022-01-23 20:38:54
https://www.instagram.com/nurokejesusgu,nurokejesusgu,2022-01-27 19:19:39
https://www.instagram.com/ma_hi2845,ma_hi2845,2022-01-28 15:58:21
https://www.instagram.com/natnael8300,natnael8300,2022-02-05 17:25:49
https://www.instagram.com/sarina_abushet,sarina_abushet,2022-02-08 14:55:12
https://www.instagram.com/abeny2mule,abeny2mule,2022-02-28 13:36:42
https://www.instagram.com/berry.konjo.bk,berry.konjo.bk,2022-03-10 18:46:18
https://www.instagram.com/belneshtu,belneshtu,2022-03-11 20:22:28
https://www.instagram.com/fikir2135,fikir2135,2022-03-12 20:06:34
https://www.instagram.com/netsita.buz,netsita.buz,2022-03-15 05:41:28
https://www.instagram.com/king_advert21,king_advert21,2022-03-15 15:56:47
https://www.instagram.com/natan.abu,natan.abu,2022-03-18 17:50:44
https://www.instagram.com/aroba972,aroba972,2022-03-22 14:44:06
https://www.instagram.com/kcash.soli,kcash.soli,2022-03-23 17:45:07
https://www.instagram.com/takelefenti,takelefenti,2022-03-24 05:26:04
https://www.instagram.com/prophet_desalech_teketel,prophet_desalech_teketel,2022-03-24 05:39:10
https://www.instagram.com/mengeshaablye,mengeshaablye,2022-03-24 05:54:13
https://www.instagram.com/negemelkamy,negemelkamy,2022-03-24 07:30:15
https://www.instagram.com/makemekdi,makemekdi,2022-03-24 10:00:03
https://www.instagram.com/sarah_snts18,sarah_snts18,2022-03-24 16:23:02
https://www.instagram.com/ravinder6092singh,ravinder6092singh,2022-03-26 07:13:02
https://www.instagram.com/arjun_chauhan_3230,arjun_chauhan_3230,2022-03-26 07:32:24
https://www.instagram.com/das_ty5222,das_ty5222,2022-03-26 07:34:00
https://www.instagram.com/jashosalam,jashosalam,2022-03-26 07:35:29
https://www.instagram.com/abhishek_don77,abhishek_don77,2022-03-26 07:44:19
https://www.instagram.com/wrns.lmsyd,wrns.lmsyd,2022-03-26 07:46:12
https://www.instagram.com/asif_sheikh_034,asif_sheikh_034,2022-03-26 07:46:22
https://www.instagram.com/dibo_lish,dibo_lish,2022-03-27 19:05:06
https://www.instagram.com/official_mercy_solomon,official_mercy_solomon,2022-03-29 21:21:23
https://www.instagram.com/biniyamyared,biniyamyared,2022-03-31 12:15:49
https://www.instagram.com/suzanacarolyni,suzanacarolyni,2022-03-31 18:44:40
https://www.instagram.com/diboraaaberaa,diboraaaberaa,2022-03-31 19:10:21
https://www.instagram.com/meronzewdu1234,meronzewdu1234,2022-03-31 21:17:46
https://www.instagram.com/obsa_tuu_pac,obsa_tuu_pac,2022-03-31 21:36:25
https://www.instagram.com/kenatashoma,kenatashoma,2022-04-01 17:55:41
https://www.instagram.com/bibo_offical,bibo_offical,2022-04-01 18:21:13
https://www.instagram.com/mahitqueen,mahitqueen,2022-04-02 04:22:13
https://www.instagram.com/abera3973,abera3973,2022-04-02 19:37:27
https://www.instagram.com/zaharayasin546,zaharayasin546,2022-04-03 10:43:47
https://www.instagram.com/saul_zamora1895,saul_zamora1895,2022-04-03 14:50:46
https://www.instagram.com/qia_100,qia_100,2022-04-03 15:20:54
https://www.instagram.com/siddharthkishore_official,siddharthkishore_official,2022-04-03 16:50:32
https://www.instagram.com/its_not.cjay,its_not.cjay,2022-04-03 16:53:22
https://www.instagram.com/ramonjr1008,ramonjr1008,2022-04-03 18:26:44
https://www.instagram.com/nasra.abduli.716,nasra.abduli.716,2022-04-03 18:30:12
https://www.instagram.com/twumasigina,twumasigina,2022-04-04 00:42:23
https://www.instagram.com/musdalifah9372,musdalifah9372,2022-04-04 01:27:31
https://www.instagram.com/yusufabubakar5352,yusufabubakar5352,2022-04-04 05:06:19
https://www.instagram.com/hawamdehtareq17,hawamdehtareq17,2022-04-04 05:24:28
https://www.instagram.com/msangi455,msangi455,2022-04-04 09:08:02
https://www.instagram.com/zahed8099,zahed8099,2022-04-04 13:23:00
https://www.instagram.com/calzboii,calzboii,2022-04-04 23:55:55
https://www.instagram.com/yankey9282,yankey9282,2022-04-05 22:11:10
https://www.instagram.com/aba_kiyaa,aba_kiyaa,2022-04-06 14:55:45
https://www.instagram.com/8852_jerry,8852_jerry,2022-04-06 17:52:34
https://www.instagram.com/pegrosspfunk,pegrosspfunk,2022-04-07 19:01:22
https://www.instagram.com/_7_never_give_up,_7_never_give_up,2022-04-07 19:12:47
https://www.instagram.com/tegababrhm,tegababrhm,2022-04-07 23:45:46
https://www.instagram.com/afework.s,afework.s,2022-04-08 08:05:39
https://www.instagram.com/hayuu780,hayuu780,2022-04-08 08:54:03
https://www.instagram.com/alexpena77777,alexpena77777,2022-04-08 14:06:47
https://www.instagram.com/yosefdaniel3,yosefdaniel3,2022-04-08 14:21:04
https://www.instagram.com/philip6044,philip6044,2022-04-08 14:25:45
https://www.instagram.com/ferewein_dawit,ferewein_dawit,2022-04-08 14:46:58
https://www.instagram.com/jandarimehdi,jandarimehdi,2022-04-08 15:14:25
https://www.instagram.com/hanamulatu,hanamulatu,2022-04-08 16:10:26
https://www.instagram.com/abrshaye,abrshaye,2022-04-08 17:13:37
https://www.instagram.com/pretinhahabencoada37,pretinhahabencoada37,2022-04-08 18:01:16
https://www.instagram.com/mihret_belete21,mihret_belete21,2022-04-08 18:18:57
https://www.instagram.com/daniel.jerry.129794,daniel.jerry.129794,2022-04-08 18:59:41
https://www.instagram.com/getnet100,getnet100,2022-04-09 00:37:00
https://www.instagram.com/tomatogreetingsph,tomatogreetingsph,2022-04-09 05:20:31
https://www.instagram.com/oli.3665,oli.3665,2022-04-09 07:37:01
https://www.instagram.com/nattflups,nattflups,2022-04-12 17:10:02
https://www.instagram.com/davidsolomon6900,davidsolomon6900,2022-04-12 17:45:10
https://www.instagram.com/smart_abdi64,smart_abdi64,2022-04-12 22:48:32
https://www.instagram.com/lourenzosi,lourenzosi,2022-04-22 18:41:55
https://www.instagram.com/abdiy276,abdiy276,2022-04-22 19:09:26
https://www.instagram.com/tsega35677,tsega35677,2022-04-23 04:55:24
https://www.instagram.com/nati_alex1,nati_alex1,2022-04-25 08:03:54
https://www.instagram.com/wesi_ademasu,wesi_ademasu,2022-04-27 18:13:37
https://www.instagram.com/melat_tame,melat_tame,2022-04-28 20:24:20
https://www.instagram.com/yohannisbadhuu,yohannisbadhuu,2022-05-03 11:27:45
https://www.instagram.com/kal_bel381,kal_bel381,2022-05-07 19:09:40
https://www.instagram.com/b_black8547,b_black8547,2022-05-13 13:29:27
https://www.instagram.com/djyamizoa,djyamizoa,2022-05-18 17:22:01
https://www.instagram.com/beti4415,beti4415,2022-05-20 20:04:00
https://www.instagram.com/yhyyblkhy,yhyyblkhy,2022-05-20 20:40:47
https://www.instagram.com/mesie9681,mesie9681,2022-05-24 06:10:14
https://www.instagram.com/sari_3247,sari_3247,2022-05-24 15:29:32
https://www.instagram.com/model_helineta,model_helineta,2022-05-26 12:13:11
https://www.instagram.com/danyd_smyrna,danyd_smyrna,2022-05-26 12:30:15
https://www.instagram.com/dabokushssoy1729,dabokushssoy1729,2022-05-26 12:31:30
https://www.instagram.com/beti.mesele.904,beti.mesele.904,2022-05-26 13:29:49
https://www.instagram.com/kalina_777777,kalina_777777,2022-05-26 13:38:37
https://www.instagram.com/melat2299,melat2299,2022-05-26 14:20:36
https://www.instagram.com/miko_salvator,miko_salvator,2022-05-26 15:38:31
https://www.instagram.com/nasirbonsa,nasirbonsa,2022-05-26 16:42:55
https://www.instagram.com/__maki__ta,__maki__ta,2022-05-26 19:06:12
https://www.instagram.com/sadiqmomina002021,sadiqmomina002021,2022-05-26 19:40:15
https://www.instagram.com/tsionyeamanuale,tsionyeamanuale,2022-05-26 20:44:20
https://www.instagram.com/bonsiish,bonsiish,2022-05-26 21:23:12
https://www.instagram.com/kokeok57,kokeok57,2022-05-26 21:38:51
https://www.instagram.com/sufiyan4567896,sufiyan4567896,2022-05-26 22:28:18
https://www.instagram.com/hanilove696,hanilove696,2022-05-27 14:52:13
https://www.instagram.com/saronbezahi,saronbezahi,2022-05-27 15:03:38
https://www.instagram.com/imani_spam_1,imani_spam_1,2022-05-27 16:49:59
https://www.instagram.com/ermi.2456,ermi.2456,2022-05-27 19:00:16
https://www.instagram.com/ananiya_handere,ananiya_handere,2022-05-28 02:54:22
https://www.instagram.com/bitanya703,bitanya703,2022-05-28 03:33:22
https://www.instagram.com/seni_love_bresh,seni_love_bresh,2022-05-28 04:41:49
https://www.instagram.com/rebki388,rebki388,2022-05-28 05:20:23
https://www.instagram.com/bitudeju,bitudeju,2022-05-28 06:00:51
https://www.instagram.com/sulti_wariyo,sulti_wariyo,2022-05-28 13:13:12
https://www.instagram.com/abduinn,abduinn,2022-05-28 15:59:25
https://www.instagram.com/millen6543,millen6543,2022-05-28 16:12:16
https://www.instagram.com/ehsan.m926_,ehsan.m926_,2022-05-28 16:33:38
https://www.instagram.com/beki__e,beki__e,2022-05-28 17:30:49
https://www.instagram.com/yos.t_r,yos.t_r,2022-05-28 19:25:08
https://www.instagram.com/lamrotdereje1,lamrotdereje1,2022-05-29 08:41:56
https://www.instagram.com/kal.9891,kal.9891,2022-05-29 16:54:00
https://www.instagram.com/eliasky3,eliasky3,2022-05-30 08:43:09
https://www.instagram.com/hamzihamed24,hamzihamed24,2022-05-30 13:04:26
https://www.instagram.com/samuelpierre1441,samuelpierre1441,2022-05-30 13:09:23
https://www.instagram.com/yara_photography__0966914090,yara_photography__0966914090,2022-05-30 14:06:39
https://www.instagram.com/nwf_llwy,nwf_llwy,2022-05-30 14:24:35
https://www.instagram.com/khaloudi_mohamed,khaloudi_mohamed,2022-05-30 16:04:54
https://www.instagram.com/faven209,faven209,2022-05-30 16:41:45
https://www.instagram.com/ademseidseid,ademseidseid,2022-05-30 16:54:06
https://www.instagram.com/kabu_p_dany,kabu_p_dany,2022-05-30 17:19:18
https://www.instagram.com/nuredin_8,nuredin_8,2022-05-30 17:40:44
https://www.instagram.com/aki_hajii6,aki_hajii6,2022-05-30 17:50:37
https://www.instagram.com/tena_yekoye,tena_yekoye,2022-05-30 18:22:36
https://www.instagram.com/robelrobel778,robelrobel778,2022-05-30 18:31:46
https://www.instagram.com/hiwote_messele,hiwote_messele,2022-05-30 19:19:28
https://www.instagram.com/daniel_yirgu,daniel_yirgu,2022-05-30 19:25:17
https://www.instagram.com/mimee_man,mimee_man,2022-05-30 19:29:20
https://www.instagram.com/cheruabebe12,cheruabebe12,2022-05-30 19:37:54
https://www.instagram.com/jeannettetopa,jeannettetopa,2022-05-30 20:04:52
https://www.instagram.com/sol_olombe,sol_olombe,2022-05-30 20:16:46
https://www.instagram.com/linsgleyvictor,linsgleyvictor,2022-05-30 20:24:29
https://www.instagram.com/sandryiacoboni,sandryiacoboni,2022-05-30 22:49:41
https://www.instagram.com/xcria_diego25,xcria_diego25,2022-05-31 01:54:20
https://www.instagram.com/abel.theweeknd.fans,abel.theweeknd.fans,2022-05-31 02:33:01
https://www.instagram.com/tadidrogba,tadidrogba,2022-05-31 02:42:27
https://www.instagram.com/pal__1199,pal__1199,2022-05-31 04:02:59
https://www.instagram.com/normoon38,normoon38,2022-05-31 07:08:20
https://www.instagram.com/sangigir,sangigir,2022-05-31 09:51:22
https://www.instagram.com/kebron416,kebron416,2022-05-31 16:13:39
https://www.instagram.com/mamiman0130,mamiman0130,2022-06-02 17:10:52
https://www.instagram.com/arsu7605,arsu7605,2022-06-03 03:22:43
https://www.instagram.com/adestradorosvaldomarques,adestradorosvaldomarques,2022-06-05 12:05:04
https://www.instagram.com/jovialgantt,jovialgantt,2022-06-05 16:42:47
https://www.instagram.com/yugiohbeyblade,yugiohbeyblade,2022-06-06 20:33:56
https://www.instagram.com/saronmiheret,saronmiheret,2022-06-09 13:51:06
https://www.instagram.com/lshrry9494,lshrry9494,2022-06-09 15:04:38
https://www.instagram.com/valerie.vale,valerie.vale,2022-06-09 19:49:18
https://www.instagram.com/liliy_saam,liliy_saam,2022-06-10 09:52:28
https://www.instagram.com/_.yabsira_,_.yabsira_,2022-06-11 04:37:25
https://www.instagram.com/kaikidan_temtm,kaikidan_temtm,2022-06-11 04:59:18
https://www.instagram.com/philippines_giveaway_ph_,philippines_giveaway_ph_,2022-06-11 05:12:45
https://www.instagram.com/etdagi,etdagi,2022-06-11 06:06:36
https://www.instagram.com/edensamu,edensamu,2022-06-11 06:18:18
https://www.instagram.com/be.ti5614,be.ti5614,2022-06-11 06:28:31
https://www.instagram.com/happyfisseha9,happyfisseha9,2022-06-11 06:57:36
https://www.instagram.com/teka.mintesnot,teka.mintesnot,2022-06-11 07:06:29
https://www.instagram.com/puritykariuki15,puritykariuki15,2022-06-11 09:12:41
https://www.instagram.com/amera797102004,amera797102004,2022-06-11 10:53:37
https://www.instagram.com/oceanshen25,oceanshen25,2022-06-11 22:49:39
https://www.instagram.com/ma_ye_16,ma_ye_16,2022-06-12 17:46:20
https://www.instagram.com/haymanotlale,haymanotlale,2022-06-13 08:41:37
https://www.instagram.com/betty.taye.35,betty.taye.35,2022-06-13 13:26:29
https://www.instagram.com/zzubair_rana_ji_5526,zzubair_rana_ji_5526,2022-06-14 04:00:33
https://www.instagram.com/makita5746,makita5746,2022-06-14 05:53:46
https://www.instagram.com/arsema296,arsema296,2022-06-14 08:20:38
https://www.instagram.com/kal.seyf,kal.seyf,2022-06-14 14:43:53
https://www.instagram.com/yuli_teshome,yuli_teshome,2022-06-14 16:48:25
https://www.instagram.com/bezinawit_27,bezinawit_27,2022-06-14 17:53:46
https://www.instagram.com/meron.tessema.779,meron.tessema.779,2022-06-14 19:49:01
https://www.instagram.com/sofmik3,sofmik3,2022-06-16 09:35:07
https://www.instagram.com/nardosmilikias,nardosmilikias,2022-06-19 05:01:01
https://www.instagram.com/fklymom,fklymom,2022-06-19 16:08:32
https://www.instagram.com/meron9502,meron9502,2022-06-21 11:11:03
https://www.instagram.com/kalkal471,kalkal471,2022-06-21 12:06:53
https://www.instagram.com/berrygirl_l7,berrygirl_l7,2022-06-21 19:47:01
https://www.instagram.com/kewtiwa,kewtiwa,2022-06-21 21:20:58
https://www.instagram.com/___elduye,___elduye,2022-06-22 13:16:04
https://www.instagram.com/mogespawulos,mogespawulos,2022-06-23 06:48:47
https://www.instagram.com/tadelidiya,tadelidiya,2022-06-23 18:09:14
https://www.instagram.com/habtu.hailu,habtu.hailu,2022-06-24 07:04:04
https://www.instagram.com/joyevisioner,joyevisioner,2022-06-24 07:48:00
https://www.instagram.com/hsblrsmykzmbsrh,hsblrsmykzmbsrh,2022-06-24 13:11:06
https://www.instagram.com/6557batu9,6557batu9,2022-06-24 13:43:44
https://www.instagram.com/kalkidan6471,kalkidan6471,2022-06-24 13:54:45
https://www.instagram.com/blen_belachew,blen_belachew,2022-06-24 13:56:49
https://www.instagram.com/hlina.awoke,hlina.awoke,2022-06-24 13:57:14
https://www.instagram.com/naataanaamo,naataanaamo,2022-06-24 14:23:40
https://www.instagram.com/fortune_edukyy18b,fortune_edukyy18b,2022-06-24 15:29:19
https://www.instagram.com/elefachew12teketel,elefachew12teketel,2022-06-24 15:30:05
https://www.instagram.com/nata_lia_le0n_life,nata_lia_le0n_life,2022-06-24 15:42:20
https://www.instagram.com/barrygabera,barrygabera,2022-06-24 15:49:34
https://www.instagram.com/sewethelen,sewethelen,2022-06-24 15:53:28
https://www.instagram.com/seli_7050_,seli_7050_,2022-06-24 16:27:47
https://www.instagram.com/gamachiskadirambogmail.com7,gamachiskadirambogmail.com7,2022-06-24 16:59:38
https://www.instagram.com/kal.7375,kal.7375,2022-06-24 17:20:33
https://www.instagram.com/amen9673,amen9673,2022-06-24 17:27:51
https://www.instagram.com/eyerusalem924,eyerusalem924,2022-06-24 17:28:22
https://www.instagram.com/natan_getanah,natan_getanah,2022-06-24 17:55:29
https://www.instagram.com/abela_danger_999,abela_danger_999,2022-06-24 17:58:29
https://www.instagram.com/hanyta7,hanyta7,2022-06-24 18:04:03
https://www.instagram.com/ethiopiaefrem,ethiopiaefrem,2022-06-24 19:21:16
https://www.instagram.com/semir_muslim,semir_muslim,2022-06-24 19:50:39
https://www.instagram.com/rita_rita.3781,rita_rita.3781,2022-06-24 19:58:58
https://www.instagram.com/chris_tina4818,chris_tina4818,2022-06-25 04:03:31
https://www.instagram.com/abanoub_gech,abanoub_gech,2022-06-25 04:31:12
https://www.instagram.com/redina2212,redina2212,2022-06-25 08:32:38
https://www.instagram.com/hsynkml9605,hsynkml9605,2022-06-25 12:17:48
https://www.instagram.com/cr7.as_,cr7.as_,2022-06-25 12:44:52
https://www.instagram.com/1878hmwdy,1878hmwdy,2022-06-25 13:42:55
https://www.instagram.com/suhail.gour.3,suhail.gour.3,2022-06-25 13:50:37
https://www.instagram.com/thakare3379,thakare3379,2022-06-25 14:56:23
https://www.instagram.com/teobse,teobse,2022-06-25 16:36:58
https://www.instagram.com/osxp0,osxp0,2022-06-25 16:48:33
https://www.instagram.com/nzarshexwasane,nzarshexwasane,2022-06-25 21:00:47
https://www.instagram.com/kalinazele,kalinazele,2022-06-26 18:24:26
https://www.instagram.com/solitna6,solitna6,2022-06-26 19:38:02
https://www.instagram.com/zewdelidiya,zewdelidiya,2022-06-26 20:37:59
https://www.instagram.com/zione_ab,zione_ab,2022-06-27 05:25:37
https://www.instagram.com/hasoo.ni88,hasoo.ni88,2022-06-27 15:17:02
https://www.instagram.com/am.en513,am.en513,2022-06-28 14:49:29
https://www.instagram.com/hiruterchafo,hiruterchafo,2022-06-29 08:50:17
https://www.instagram.com/mahlte1,mahlte1,2022-07-03 08:05:53
https://www.instagram.com/rekik.tariku.35,rekik.tariku.35,2022-07-04 10:14:56
https://www.instagram.com/etsub.love.792,etsub.love.792,2022-07-06 10:46:53
https://www.instagram.com/rohobot.mezmur.370,rohobot.mezmur.370,2022-07-13 07:40:12
https://www.instagram.com/tsega7028,tsega7028,2022-07-13 19:32:05
https://www.instagram.com/mihret1786,mihret1786,2022-07-19 16:15:29
https://www.instagram.com/williams_cassius,williams_cassius,2022-07-24 02:57:35
https://www.instagram.com/henook_tesfaye,henook_tesfaye,2022-07-29 13:20:31
https://www.instagram.com/yafet_321,yafet_321,2022-07-31 10:11:37
https://www.instagram.com/selam_tagese,selam_tagese,2022-07-31 13:25:34
https://www.instagram.com/greatcatholicmonarchprophecy,greatcatholicmonarchprophecy,2022-08-08 20:22:09
https://www.instagram.com/merhawimesgina,merhawimesgina,2022-08-11 18:47:11
https://www.instagram.com/mohametyumze,mohametyumze,2022-08-11 20:19:54
https://www.instagram.com/aziz_habsh,aziz_habsh,2022-08-12 18:33:53
https://www.instagram.com/ethhabesha,ethhabesha,2022-08-13 08:23:39
https://www.instagram.com/merytechethiopia,merytechethiopia,2022-08-15 12:42:31
https://www.instagram.com/djibs_barry224,djibs_barry224,2022-08-21 18:40:30
https://www.instagram.com/nesti_kiya,nesti_kiya,2022-08-23 11:34:06
https://www.instagram.com/tersa.tekle,tersa.tekle,2022-08-26 05:13:40
https://www.instagram.com/abigiyale,abigiyale,2022-08-26 07:39:30
https://www.instagram.com/sameriyemami,sameriyemami,2022-08-26 12:52:33
https://www.instagram.com/pry_imperador,pry_imperador,2022-08-26 14:43:38
https://www.instagram.com/phirilovemore021,phirilovemore021,2022-08-26 16:34:35
https://www.instagram.com/sis.wez,sis.wez,2022-08-26 16:44:53
https://www.instagram.com/sinte_h_t_1990,sinte_h_t_1990,2022-08-26 20:27:08
https://www.instagram.com/abrehamyilma5,abrehamyilma5,2022-08-27 01:28:20
https://www.instagram.com/anapaulaferreira1113,anapaulaferreira1113,2022-08-27 12:41:55
https://www.instagram.com/kiya_zeleke,kiya_zeleke,2022-08-30 18:21:11
https://www.instagram.com/nehmya_biruk,nehmya_biruk,2022-09-12 13:42:10
https://www.instagram.com/b2__image_,b2__image_,2022-09-12 16:13:48
https://www.instagram.com/asher_minasie,asher_minasie,2022-09-18 03:40:54
https://www.instagram.com/eyuya18,eyuya18,2022-09-18 04:50:38
https://www.instagram.com/marwazoghlami506,marwazoghlami506,2022-09-24 14:16:20
https://www.instagram.com/yoha24_30,yoha24_30,2022-09-25 11:19:27
https://www.instagram.com/n0ah_t_,n0ah_t_,2022-10-17 08:53:57
https://www.instagram.com/keneaneyase,keneaneyase,2022-10-17 18:48:33
https://www.instagram.com/kidistwaltengus,kidistwaltengus,2022-10-30 13:06:30
https://www.instagram.com/alizarmatem,alizarmatem,2022-11-10 07:30:43
https://www.instagram.com/benstackinq,benstackinq,2022-11-12 17:07:15
https://www.instagram.com/na.ti1841,na.ti1841,2022-11-16 16:09:27
https://www.instagram.com/mman0130,mman0130,2022-11-25 09:13:57
https://www.instagram.com/meliya952,meliya952,2022-12-18 10:20:12
https://www.instagram.com/yeroosani_mokenin,yeroosani_mokenin,2022-12-18 10:23:59
https://www.instagram.com/abritojfollower,abritojfollower,2022-12-18 13:16:30
https://www.instagram.com/maki_bele,maki_bele,2022-12-18 17:38:26
https://www.instagram.com/mercy_shashe,mercy_shashe,2022-12-18 17:49:40
https://www.instagram.com/yeronik19,yeronik19,2022-12-18 20:53:24
https://www.instagram.com/khedja2022,khedja2022,2022-12-21 18:06:45
https://www.instagram.com/devido1894,devido1894,2022-12-21 18:08:37
https://www.instagram.com/sinty814,sinty814,2022-12-25 20:53:17
https://www.instagram.com/pratty_queen_55,pratty_queen_55,2022-12-28 14:05:53
https://www.instagram.com/natey_teg,natey_teg,2022-12-29 04:28:53
https://www.instagram.com/tsii_aki,tsii_aki,2023-01-05 05:06:10
https://www.instagram.com/yab_seraa,yab_seraa,2023-01-05 07:14:33
https://www.instagram.com/na_ti966,na_ti966,2023-01-05 18:28:39
https://www.instagram.com/nardos2530,nardos2530,2023-01-12 09:49:24
https://www.instagram.com/pcbfpc,pcbfpc,2023-01-31 14:27:11
https://www.instagram.com/rekik_tarikuu,rekik_tarikuu,2023-02-04 14:40:32
https://www.instagram.com/ruqaiyyah_keis,ruqaiyyah_keis,2023-02-10 16:11:37
https://www.instagram.com/sisay_7277,sisay_7277,2023-02-11 18:27:34
https://www.instagram.com/abeni_burje,abeni_burje,2023-02-23 06:37:10
https://www.instagram.com/helen_mulugeta_5g,helen_mulugeta_5g,2023-02-26 13:13:17
https://www.instagram.com/yami_ye_abatua,yami_ye_abatua,2023-02-26 23:18:35
https://www.instagram.com/kena_tak,kena_tak,2023-03-17 11:07:25
https://www.instagram.com/su_ro_us,su_ro_us,2023-03-20 10:42:10
https://www.instagram.com/beki_decor,beki_decor,2023-03-21 06:28:35
https://www.instagram.com/pinu_ye_jesus,pinu_ye_jesus,2023-03-29 11:16:27
https://www.instagram.com/thelovenature02,thelovenature02,2023-04-03 17:27:16
https://www.instagram.com/eliasgadisa2023,eliasgadisa2023,2023-04-06 11:43:21
https://www.instagram.com/kidistayel,kidistayel,2023-04-09 09:59:35
https://www.instagram.com/the_crstian_,the_crstian_,2023-04-17 07:09:15
https://www.instagram.com/bereket.aman2,bereket.aman2,2023-04-17 14:26:53
https://www.instagram.com/mekdi_adugnaw,mekdi_adugnaw,2023-04-28 15:52:16
https://www.instagram.com/ras_aseraa,ras_aseraa,2023-05-12 17:54:20
https://www.instagram.com/metimeetii,metimeetii,2023-05-23 18:02:57
https://www.instagram.com/hirutinenn,hirutinenn,2023-05-29 20:36:10
https://www.instagram.com/_jitudula_,_jitudula_,2023-06-11 18:48:08
https://www.instagram.com/biruktawit_biruk,biruktawit_biruk,2023-07-03 09:33:11
https://www.instagram.com/elson_am45,elson_am45,2023-07-12 16:51:18
https://www.instagram.com/mesgana__t,mesgana__t,2023-08-09 23:06:04
https://www.instagram.com/ime131314,ime131314,2023-08-15 05:05:59
https://www.instagram.com/yabetstesfa,yabetstesfa,2023-08-18 15:29:00
https://www.instagram.com/mike_miko_teshome,mike_miko_teshome,2023-08-28 00:45:55
https://www.instagram.com/bike_rider1215,bike_rider1215,2023-09-04 05:12:23
https://www.instagram.com/yadavg1398,yadavg1398,2023-09-04 05:23:58
https://www.instagram.com/nupur_reels_100k,nupur_reels_100k,2023-09-04 05:26:12
https://www.instagram.com/jyoti1370verma,jyoti1370verma,2023-09-04 05:33:12
https://www.instagram.com/akhan92639,akhan92639,2023-09-04 05:48:38
https://www.instagram.com/dilipkumar__raj,dilipkumar__raj,2023-09-04 05:55:45
https://www.instagram.com/raushankumarmahadipur,raushankumarmahadipur,2023-09-04 06:15:32
https://www.instagram.com/panika_ji_3082,panika_ji_3082,2023-09-04 06:26:00
https://www.instagram.com/durvijaynishaddurvijaynishad,durvijaynishaddurvijaynishad,2023-09-04 06:30:14
https://www.instagram.com/ahijul_678,ahijul_678,2023-09-04 06:39:47
https://www.instagram.com/sohanverma2800,sohanverma2800,2023-09-04 07:11:33
https://www.instagram.com/betubaiga18,betubaiga18,2023-09-04 07:12:03
https://www.instagram.com/banasri216,banasri216,2023-09-04 07:24:56
https://www.instagram.com/mt_mofidul_bhai,mt_mofidul_bhai,2023-09-04 07:26:02
https://www.instagram.com/shivshankarraja13,shivshankarraja13,2023-09-04 07:50:18
https://www.instagram.com/surajsu8583,surajsu8583,2023-09-04 08:13:45
https://www.instagram.com/uday_rawat_0_1,uday_rawat_0_1,2023-09-04 08:16:01
https://www.instagram.com/tripura_rious,tripura_rious,2023-09-04 08:18:56
https://www.instagram.com/chand_ankumar2887,chand_ankumar2887,2023-09-04 08:26:17
https://www.instagram.com/officialkhanmart,officialkhanmart,2023-09-04 08:57:46
https://www.instagram.com/anil9307mahato,anil9307mahato,2023-09-04 09:08:12
https://www.instagram.com/anup83072,anup83072,2023-09-04 10:27:24
https://www.instagram.com/katonrashmina,katonrashmina,2023-09-04 11:21:00
https://www.instagram.com/rajesh_kumar_me_,rajesh_kumar_me_,2023-09-04 12:21:51
https://www.instagram.com/___bazuhaan___isha,___bazuhaan___isha,2023-09-04 12:49:16
https://www.instagram.com/kirukingchole,kirukingchole,2023-09-08 19:48:16
https://www.instagram.com/joel_jehu,joel_jehu,2023-09-10 02:43:58
https://www.instagram.com/anoy316,anoy316,2023-09-10 10:30:26
https://www.instagram.com/sms_franco,sms_franco,2023-09-13 19:34:01
https://www.instagram.com/ta.t.lim,ta.t.lim,2023-09-18 10:43:57
https://www.instagram.com/bet.aye,bet.aye,2023-09-20 18:27:27
https://www.instagram.com/mahlet_lakew,mahlet_lakew,2023-09-28 15:18:05
https://www.instagram.com/besukalfantaye,besukalfantaye,2023-09-29 15:36:17
https://www.instagram.com/martabeyecha,martabeyecha,2023-09-30 05:19:11
https://www.instagram.com/berry_sweet_567,berry_sweet_567,2023-09-30 09:22:32
https://www.instagram.com/maklteki,maklteki,2023-10-01 15:27:04
https://www.instagram.com/fevuu161,fevuu161,2023-10-04 16:44:14
https://www.instagram.com/dagem_addis,dagem_addis,2023-10-07 10:32:46
https://www.instagram.com/wwho_is_mmm,wwho_is_mmm,2023-10-07 11:50:57
https://www.instagram.com/kalikali9746,kalikali9746,2023-10-07 12:11:28
https://www.instagram.com/sifan_mk,sifan_mk,2023-10-07 13:27:50
https://www.instagram.com/abel__johu,abel__johu,2023-10-07 20:47:34
https://www.instagram.com/maddenbums,maddenbums,2023-10-08 14:16:17
https://www.instagram.com/eden_t.t,eden_t.t,2023-10-10 12:49:05
https://www.instagram.com/arjun_purti123,arjun_purti123,2023-10-10 15:30:21
https://www.instagram.com/selamselamawit466gmail.com8,selamselamawit466gmail.com8,2023-10-10 17:55:21
https://www.instagram.com/hana_tamereab,hana_tamereab,2023-10-10 19:34:01
https://www.instagram.com/kartik_mahi_7622,kartik_mahi_7622,2023-10-11 17:28:47
https://www.instagram.com/daxngash,daxngash,2023-10-12 09:27:00
https://www.instagram.com/sankohmanso,sankohmanso,2023-10-12 11:41:31
https://www.instagram.com/bchhtnh8,bchhtnh8,2023-10-12 12:17:46
https://www.instagram.com/alazartakel,alazartakel,2023-10-12 12:53:19
https://www.instagram.com/neh_mif,neh_mif,2023-10-12 12:55:27
https://www.instagram.com/thenaz_am,thenaz_am,2023-10-12 14:07:44
https://www.instagram.com/javohir.ake_0709,javohir.ake_0709,2023-10-13 05:28:43
https://www.instagram.com/shreebholasingh,shreebholasingh,2023-10-13 05:51:00
https://www.instagram.com/saa___qwr__,saa___qwr__,2023-10-13 05:52:28
https://www.instagram.com/a_n_k_it___c_h_u_dh_u_a_r_y,a_n_k_it___c_h_u_dh_u_a_r_y,2023-10-13 06:19:52
https://www.instagram.com/vollyba_ll_love1234,vollyba_ll_love1234,2023-10-13 09:06:30
https://www.instagram.com/magreth4565,magreth4565,2023-10-13 11:46:22
https://www.instagram.com/am37.88,am37.88,2023-10-14 09:12:07
https://www.instagram.com/bezawit3527,bezawit3527,2023-10-17 13:03:54
https://www.instagram.com/arsu42_,arsu42_,2023-10-17 13:10:04
https://www.instagram.com/mintu_beabu,mintu_beabu,2023-10-17 15:01:08
https://www.instagram.com/01_aysel_ylmz,01_aysel_ylmz,2023-10-20 17:01:31
https://www.instagram.com/jessy_vly,jessy_vly,2023-10-31 13:57:30
https://www.instagram.com/hiwot3031,hiwot3031,2023-11-01 18:39:28
https://www.instagram.com/mafishiferaw,mafishiferaw,2023-11-02 02:55:33
https://www.instagram.com/milkaalexalex,milkaalexalex,2023-11-02 12:09:31
https://www.instagram.com/23gigimk,23gigimk,2023-11-07 13:56:34
https://www.instagram.com/hundaol92,hundaol92,2023-11-20 13:44:27
https://www.instagram.com/_.classy.zaz_,_.classy.zaz_,2023-11-20 19:13:21
https://www.instagram.com/heyab_fitsum,heyab_fitsum,2023-11-27 00:45:46
https://www.instagram.com/dav_o__,dav_o__,2023-12-30 18:23:50
https://www.instagram.com/sa_._mii,sa_._mii,2024-01-03 12:38:46
https://www.instagram.com/mita_helu,mita_helu,2024-01-03 19:07:11
https://www.instagram.com/naol35,naol35,2024-01-09 17:45:48
https://www.instagram.com/muluken.zekarias.7,muluken.zekarias.7,2024-01-12 18:20:38
https://www.instagram.com/mesob_7,mesob_7,2024-01-14 20:33:33
https://www.instagram.com/kerim_d83,kerim_d83,2024-01-16 18:13:40
https://www.instagram.com/lil.khulman,lil.khulman,2024-01-19 18:29:53
https://www.instagram.com/rehoboth_deb,rehoboth_deb,2024-01-24 19:55:09
https://www.instagram.com/eyosiyas_dev,eyosiyas_dev,2024-01-26 09:54:50
https://www.instagram.com/deborah5_teferi,deborah5_teferi,2024-02-03 14:48:01
https://www.instagram.com/prince1mola,prince1mola,2024-02-21 18:20:20
https://www.instagram.com/bi.tu9032,bi.tu9032,2024-03-03 05:27:34
https://www.instagram.com/yabin261,yabin261,2024-03-05 18:27:59
https://www.instagram.com/eyu_adii,eyu_adii,2024-03-10 12:20:52
https://www.instagram.com/leyaa271,leyaa271,2024-03-16 10:35:40
https://www.instagram.com/ya_bez9,ya_bez9,2024-03-24 10:50:07
https://www.instagram.com/edumilli21,edumilli21,2024-03-25 04:10:14
https://www.instagram.com/firai80,firai80,2024-03-26 16:01:00
https://www.instagram.com/edu_milli21,edu_milli21,2024-03-29 10:11:21
https://www.instagram.com/ha_nan4150,ha_nan4150,2024-03-30 17:18:32
https://www.instagram.com/sifendebelo,sifendebelo,2024-04-02 14:45:37
https://www.instagram.com/redu_7802,redu_7802,2024-04-05 05:14:27
https://www.instagram.com/dagii_tilahun,dagii_tilahun,2024-04-05 17:06:21
https://www.instagram.com/h.a.p.p.yibb,h.a.p.p.yibb,2024-04-07 17:05:18
https://www.instagram.com/nardi_k10,nardi_k10,2024-04-08 19:59:41
https://www.instagram.com/absisha_habibii,absisha_habibii,2024-04-08 22:50:24
https://www.instagram.com/aden.musa,aden.musa,2024-04-11 21:04:44
https://www.instagram.com/amanawit_21,amanawit_21,2024-04-13 17:41:43
https://www.instagram.com/meng.bon,meng.bon,2024-04-13 21:00:46
https://www.instagram.com/lala_jus34,lala_jus34,2024-04-15 13:07:48
https://www.instagram.com/urfavv_diye,urfavv_diye,2024-04-17 19:42:59
https://www.instagram.com/sitota_bek,sitota_bek,2024-04-18 15:20:03
https://www.instagram.com/ben_jahhh,ben_jahhh,2024-04-18 17:20:23
https://www.instagram.com/liyu_addis,liyu_addis,2024-04-18 17:28:59
https://www.instagram.com/axaulmanangali,axaulmanangali,2024-04-19 18:52:35
https://www.instagram.com/mr.ahme9,mr.ahme9,2024-04-20 13:27:20
https://www.instagram.com/hani_taa_,hani_taa_,2024-04-21 11:02:50
https://www.instagram.com/winerashu,winerashu,2024-04-21 18:30:22
https://www.instagram.com/asrat3084,asrat3084,2024-04-29 12:22:35
https://www.instagram.com/bless.ed.5076,bless.ed.5076,2024-04-30 16:20:09
https://www.instagram.com/kebek617,kebek617,2024-05-01 05:20:28
https://www.instagram.com/samri_elu,samri_elu,2024-05-04 07:35:15
https://www.instagram.com/lewi_sol4,lewi_sol4,2024-05-08 07:43:04
https://www.instagram.com/demisaddis,demisaddis,2024-05-08 14:29:53
https://www.instagram.com/b_e_d_h_a_n_e,b_e_d_h_a_n_e,2024-05-08 17:36:10
https://www.instagram.com/mahi.mulatu,mahi.mulatu,2024-05-08 23:42:45
https://www.instagram.com/l_u_c_y25,l_u_c_y25,2024-05-09 05:46:02
https://www.instagram.com/yikunoamlak19,yikunoamlak19,2024-05-09 09:07:33
https://www.instagram.com/yaf_e3,yaf_e3,2024-05-09 15:00:55
https://www.instagram.com/melkamusemuel,melkamusemuel,2024-05-15 11:07:30
https://www.instagram.com/tehut_t,tehut_t,2024-05-24 18:19:14
https://www.instagram.com/ephi_meku318_official,ephi_meku318_official,2024-06-01 11:42:10
https://www.instagram.com/abn_et3,abn_et3,2024-06-05 19:14:56
https://www.instagram.com/singer_ashe01,singer_ashe01,2024-06-09 20:05:45
https://www.instagram.com/amanuel_ruhama,amanuel_ruhama,2024-06-10 18:02:36
https://www.instagram.com/meklittibebu,meklittibebu,2024-06-19 09:49:21
https://www.instagram.com/gelujiji_570,gelujiji_570,2024-06-22 20:40:38
https://www.instagram.com/naf_yad12,naf_yad12,2024-06-23 15:58:38
https://www.instagram.com/code_with_.wizard,code_with_.wizard,2024-06-23 20:07:49
https://www.instagram.com/lil_nati_14,lil_nati_14,2024-06-24 12:39:48
https://www.instagram.com/kiyu_kiyaye,kiyu_kiyaye,2024-06-25 11:52:49
https://www.instagram.com/dagmawit_tedla,dagmawit_tedla,2024-06-26 08:02:36
https://www.instagram.com/dafariftu,dafariftu,2024-06-26 15:50:14
https://www.instagram.com/lbrahim_saleh121,lbrahim_saleh121,2024-06-27 11:55:21
https://www.instagram.com/mel_at._,mel_at._,2024-06-27 19:32:51
https://www.instagram.com/phares_fikadu,phares_fikadu,2024-07-02 16:03:17
https://www.instagram.com/ruth_amdr,ruth_amdr,2024-07-06 04:33:00
https://www.instagram.com/ma.tthias9492,ma.tthias9492,2024-07-06 18:28:09
https://www.instagram.com/hip_hop_bance,hip_hop_bance,2024-07-14 09:13:38
https://www.instagram.com/mihret4621,mihret4621,2024-07-14 10:07:14
https://www.instagram.com/be.thel3623,be.thel3623,2024-07-17 06:13:11
https://www.instagram.com/kalutiyee,kalutiyee,2024-07-17 07:16:19
https://www.instagram.com/rediet_merid,rediet_merid,2024-07-18 08:36:51
https://www.instagram.com/sen_su27,sen_su27,2024-07-21 16:52:43
https://www.instagram.com/st4r_feven,st4r_feven,2024-07-22 09:09:11
https://www.instagram.com/teshome1232,teshome1232,2024-07-23 16:25:11
https://www.instagram.com/dw_coffee_export,dw_coffee_export,2024-07-24 18:59:25
https://www.instagram.com/eden16_27,eden16_27,2024-07-28 05:24:28
https://www.instagram.com/betlhem84,betlhem84,2024-08-01 11:31:58
https://www.instagram.com/lichetsega,lichetsega,2024-08-05 13:12:01
https://www.instagram.com/_honey450,_honey450,2024-08-08 16:21:52
https://www.instagram.com/po_mita,po_mita,2024-08-09 19:31:12
https://www.instagram.com/noel123bn,noel123bn,2024-08-11 16:18:33
https://www.instagram.com/_i.m.t.o.n.i_,_i.m.t.o.n.i_,2024-08-13 16:02:57
https://www.instagram.com/kaleb_kov,kaleb_kov,2024-08-14 21:23:16
https://www.instagram.com/ermiyaslemma_d,ermiyaslemma_d,2024-08-16 04:05:05
https://www.instagram.com/mah1der,mah1der,2024-08-16 11:12:28
https://www.instagram.com/tehtena12,tehtena12,2024-08-18 06:06:23
https://www.instagram.com/hani_cute11,hani_cute11,2024-08-18 13:48:57
https://www.instagram.com/aleesia_bam,aleesia_bam,2024-08-19 16:19:19
https://www.instagram.com/naa_tooz,naa_tooz,2024-08-19 18:05:09
https://www.instagram.com/b_e_m_n_i____ta,b_e_m_n_i____ta,2024-08-19 18:57:18
https://www.instagram.com/y0h_.anes,y0h_.anes,2024-08-20 09:24:04
https://www.instagram.com/intro__gurll2,intro__gurll2,2024-08-20 10:38:00
https://www.instagram.com/its._.obsii_,its._.obsii_,2024-08-20 13:22:31
https://www.instagram.com/becha_nkd,becha_nkd,2024-08-24 19:21:12
https://www.instagram.com/abel_alemu_,abel_alemu_,2024-08-26 07:45:27
https://www.instagram.com/alew19900,alew19900,2024-08-26 18:40:48
https://www.instagram.com/wendye_dec_5,wendye_dec_5,2024-08-27 09:45:54
https://www.instagram.com/betiq1642,betiq1642,2024-08-28 19:50:08
https://www.instagram.com/ferae5979,ferae5979,2024-08-31 11:28:13
https://www.instagram.com/_o_a_t_h,_o_a_t_h,2024-09-05 16:54:56
https://www.instagram.com/habetamualeka8,habetamualeka8,2024-09-16 06:18:36
https://www.instagram.com/kena_t29,kena_t29,2024-09-17 10:27:18
https://www.instagram.com/leyona498,leyona498,2024-09-19 14:38:23
https://www.instagram.com/pabloaa64,pabloaa64,2024-09-19 18:46:55
https://www.instagram.com/tesfaye_tsegaw,tesfaye_tsegaw,2024-09-24 15:41:54
https://www.instagram.com/lidu52177,lidu52177,2024-09-25 09:20:01
https://www.instagram.com/dev__elopers,dev__elopers,2024-09-28 10:32:31
https://www.instagram.com/betsi.enu,betsi.enu,2024-09-29 11:42:52
https://www.instagram.com/nati.3666,nati.3666,2024-10-02 15:35:51
https://www.instagram.com/umex_gr24,umex_gr24,2024-10-04 19:38:54
https://www.instagram.com/elianagoshu,elianagoshu,2024-10-08 21:15:40
https://www.instagram.com/prophet.eyu,prophet.eyu,2024-10-15 20:51:12
https://www.instagram.com/lidetzena,lidetzena,2024-10-21 16:10:34
https://www.instagram.com/yabsira.f,yabsira.f,2024-10-22 08:25:20
https://www.instagram.com/eyori_kaaa,eyori_kaaa,2024-10-30 18:41:26
https://www.instagram.com/tesfa52933,tesfa52933,2024-11-03 18:42:39
https://www.instagram.com/fenubeking1,fenubeking1,2024-11-04 18:01:31
https://www.instagram.com/naolejara,naolejara,2024-11-05 06:00:56
https://www.instagram.com/yid_alu,yid_alu,2024-11-11 05:35:58
https://www.instagram.com/itz__kalitaa,itz__kalitaa,2024-11-15 19:18:20
https://www.instagram.com/solomon.beki,solomon.beki,2024-11-21 10:02:21
https://www.instagram.com/_blen_m,_blen_m,2024-11-23 16:18:28
https://www.instagram.com/internationalfactoryfinder,internationalfactoryfinder,2024-11-26 13:40:56
https://www.instagram.com/killjoy_mercy,killjoy_mercy,2024-12-02 13:21:43
https://www.instagram.com/ibaroabdi374,ibaroabdi374,2024-12-05 14:54:07
https://www.instagram.com/biruktiseb,biruktiseb,2024-12-15 09:21:12
https://www.instagram.com/rediet7696,rediet7696,2024-12-15 13:02:58
https://www.instagram.com/redeit_redu,redeit_redu,2024-12-15 18:23:27
https://www.instagram.com/sudeamecho,sudeamecho,2024-12-28 12:33:01
https://www.instagram.com/nardosfkrie,nardosfkrie,2024-12-29 12:59:22
https://www.instagram.com/busha_4515,busha_4515,2025-01-02 19:45:10
https://www.instagram.com/tegest774,tegest774,2025-01-03 16:54:18
https://www.instagram.com/telahun.alemu,telahun.alemu,2025-01-05 17:39:04
https://www.instagram.com/bethel_sura,bethel_sura,2025-01-06 17:19:11
https://www.instagram.com/yab_gm,yab_gm,2025-01-07 16:53:23
https://www.instagram.com/li_duu,li_duu,2025-01-07 19:18:08
https://www.instagram.com/yeshitila.biruk,yeshitila.biruk,2025-01-19 11:36:08
https://www.instagram.com/melkii_fekadu,melkii_fekadu,2025-01-23 19:35:25
https://www.instagram.com/singer._.adam_,singer._.adam_,2025-01-25 11:12:55
https://www.instagram.com/erena_more,erena_more,2025-01-25 12:49:47
https://www.instagram.com/chris.tina7837,chris.tina7837,2025-01-26 12:58:16
https://www.instagram.com/small_grl_big_god,small_grl_big_god,2025-01-27 17:46:24
https://www.instagram.com/eyael971,eyael971,2025-01-30 17:23:03
https://www.instagram.com/kaleb_kova,kaleb_kova,2025-01-31 09:19:55
https://www.instagram.com/dawitabiyot1,dawitabiyot1,2025-02-04 17:50:45
https://www.instagram.com/medi.jesus,medi.jesus,2025-02-08 00:41:01
https://www.instagram.com/msgun53,msgun53,2025-02-09 16:45:50
https://www.instagram.com/herm.i94,herm.i94,2025-02-19 17:33:39
https://www.instagram.com/edu_sipra,edu_sipra,2025-02-23 17:21:10
https://www.instagram.com/ab_milli14,ab_milli14,2025-02-25 14:52:39
https://www.instagram.com/natinael_1303,natinael_1303,2025-02-27 10:34:57
https://www.instagram.com/__dav_o__,__dav_o__,2025-03-07 22:26:22
https://www.instagram.com/kenatesfaye3,kenatesfaye3,2025-03-08 11:22:23
https://www.instagram.com/derehizkel,derehizkel,2025-03-09 14:11:50
https://www.instagram.com/geni_abs,geni_abs,2025-03-09 19:17:03
https://www.instagram.com/kalkidan4882,kalkidan4882,2025-03-10 12:30:27
https://www.instagram.com/eyaruse529,eyaruse529,2025-03-12 15:57:15
https://www.instagram.com/jpbs_li,jpbs_li,2025-03-13 05:03:22
https://www.instagram.com/luvs4___liyu,luvs4___liyu,2025-03-13 23:30:42
https://www.instagram.com/b2.decor.event,b2.decor.event,2025-03-14 16:36:35
https://www.instagram.com/elu__ninu,elu__ninu,2025-03-16 14:06:07
https://www.instagram.com/beryiyenatua,beryiyenatua,2025-03-16 17:03:02
https://www.instagram.com/_abelaron,_abelaron,2025-03-16 21:02:46
https://www.instagram.com/meritaa62,meritaa62,2025-03-19 08:19:19
https://www.instagram.com/lilo_ka654,lilo_ka654,2025-03-20 16:31:42
https://www.instagram.com/aben36084,aben36084,2025-03-22 22:10:36
https://www.instagram.com/jruth_kebede,jruth_kebede,2025-03-29 20:41:40
https://www.instagram.com/abenezer_mese,abenezer_mese,2025-04-01 22:08:25
https://www.instagram.com/sehona_2high,sehona_2high,2025-04-07 18:17:52
https://www.instagram.com/girma.deme.33,girma.deme.33,2025-04-08 07:09:57
https://www.instagram.com/mr_mute12,mr_mute12,2025-04-13 03:52:06
https://www.instagram.com/_.clas_sybor._,_.clas_sybor._,2025-04-20 22:37:05
https://www.instagram.com/kalkixbekele,kalkixbekele,2025-04-21 11:32:12
https://www.instagram.com/sitra213,sitra213,2025-04-23 14:27:03
https://www.instagram.com/burkyi2025,burkyi2025,2025-04-24 10:53:12
https://www.instagram.com/ro_be.l,ro_be.l,2025-04-25 22:05:44
https://www.instagram.com/sosijesus,sosijesus,2025-05-01 12:44:44
https://www.instagram.com/arsu_ii12,arsu_ii12,2025-05-09 07:30:39
https://www.instagram.com/mrdesignspace,mrdesignspace,2025-05-09 07:43:03
https://www.instagram.com/kass_jossi,kass_jossi,2025-05-09 13:24:25
https://www.instagram.com/gide.on__,gide.on__,2025-05-09 17:08:03
https://www.instagram.com/eshetusingitan,eshetusingitan,2025-05-09 17:53:22
https://www.instagram.com/hisfavhani_,hisfavhani_,2025-05-09 20:16:31
https://www.instagram.com/bere.ket1613,bere.ket1613,2025-05-13 19:22:16
https://www.instagram.com/mekre_z,mekre_z,2025-05-16 11:15:20
https://www.instagram.com/zee.jagiya.828,zee.jagiya.828,2025-05-18 08:27:11
https://www.instagram.com/mak_ology,mak_ology,2025-05-20 20:03:08
https://www.instagram.com/nafi_vine,nafi_vine,2025-05-23 11:03:38
https://www.instagram.com/birukmohammed64,birukmohammed64,2025-05-23 14:22:41
https://www.instagram.com/eden_1627,eden_1627,2025-05-24 20:01:40
https://www.instagram.com/abdinasir5592,abdinasir5592,2025-05-25 18:56:22
https://www.instagram.com/ezmar2023,ezmar2023,2025-05-27 06:57:48
https://www.instagram.com/yn._hathila,yn._hathila,2025-05-27 22:42:37
https://www.instagram.com/eyael191,eyael191,2025-05-28 19:04:06
https://www.instagram.com/abigail_tesfaye,abigail_tesfaye,2025-05-29 08:02:38
https://www.instagram.com/ephrata_y,ephrata_y,2025-06-01 13:25:49
https://www.instagram.com/otx_kalaw,otx_kalaw,2025-06-01 22:54:32
https://www.instagram.com/jhon143026,jhon143026,2025-06-04 13:43:18
https://www.instagram.com/__.alegnta.___,__.alegnta.___,2025-06-07 06:56:51
https://www.instagram.com/velevt_basse,velevt_basse,2025-06-15 18:35:16
https://www.instagram.com/judi_kiya,judi_kiya,2025-06-20 05:21:24
https://www.instagram.com/lara.com.tw,lara.com.tw,2025-06-20 18:24:58
https://www.instagram.com/sisko3439,sisko3439,2025-06-23 17:04:45
https://www.instagram.com/luvss4.kal,luvss4.kal,2025-06-24 17:33:26
https://www.instagram.com/japhet_19,japhet_19,2025-06-28 10:52:22
https://www.instagram.com/devid_photo0,devid_photo0,2025-06-29 15:22:16
https://www.instagram.com/mekbib.mekuriya,mekbib.mekuriya,2025-06-29 21:42:35
https://www.instagram.com/_miracle__o,_miracle__o,2025-06-30 19:34:04
https://www.instagram.com/seluna51,seluna51,2025-07-05 12:23:55
